"entry_id","entry_key","semantic_domain_exact","semantic_domain_trimmed","frequency_exacte","french_lemma","gloss_fr","case_profile","outer_spaces","accents","punctuation","number_profile","probable_language_or_nature","related_variants","proposed_target","category","semantic_observation"
"1","PHENOMENON_OBSERVABLE","science","science","3","phénomène","phénomène observable","minuscules","non","absents","aucune","singulier ou nom massif","international ou partagé","","science","D","Phénomène, recherche et méthodologie relèvent de la science."
"2","INFORMATION_DATA","communication","communication","4","information","information, donnée communiquée","minuscules","non","absents","aucune","singulier ou nom massif","international ou partagé","","communication","D","Information, demande et échange d’informations sont cohérents."
"3","IMPORTANT_SIGNIFICANT","general","general","8","important","important, significatif","minuscules","non","absents","aucune","singulier ou nom massif","anglais probable","","général","C","Important, problème, différent, organisation, scientifique, promouvoir et comprendre sont hétérogènes."
"4","NATION_COUNTRY","politics","politics","2","nation","nation, pays ou communauté politique","minuscules","non","absents","aucune","singulier ou nom massif","anglais","","politique","A","NATION et POLITIQUE relèvent du champ politique."
"5","UNIVERSITY_INSTITUTION","education","education","4","université","université, établissement d’enseignement supérieur","minuscules","non","absents","aucune","singulier ou nom massif","indéterminable","éducation","éducation","A","Université, bibliothèque et collège relèvent de l’éducation ; l’accent français est certain."
"6","FAMILY_RELATION","social","social","1","famille","famille, groupe familial","minuscules","non","absents","aucune","singulier ou nom massif","international ou partagé","","relations sociales","B","FAMILLE relève des relations sociales ; société reste une alternative."
"7","CURRENTLY_NOW","time","time","2","actuellement","actuellement, en ce moment","minuscules","non","absents","aucune","singulier ou nom massif","anglais","temps","temps","A","ACTUELLEMENT et ACTUALMENTE expriment le temps présent."
"8","ACTUALLY_NOW_ES","time","time","2","","actualmente, en ce moment","minuscules","non","absents","aucune","singulier ou nom massif","anglais","temps","temps","A","ACTUELLEMENT et ACTUALMENTE expriment le temps présent."
"9","BOOKSHOP_STORE","commerce","commerce","1","librairie","librairie, magasin de livres","minuscules","non","absents","aucune","singulier ou nom massif","international ou partagé","","commerce","D","LIBRAIRIE relève du commerce."
"10","LIBRARY_PUBLIC","education","education","4","","bibliothèque, lieu de prêt ou consultation de livres","minuscules","non","absents","aucune","singulier ou nom massif","indéterminable","éducation","éducation","A","Université, bibliothèque et collège relèvent de l’éducation ; l’accent français est certain."
"11","ATTEND_BE_PRESENT","action","action","32","assister","assister à, être présent à","minuscules","non","absents","aucune","singulier ou nom massif","international ou partagé","Action","action","C","Les 32 entrées mêlent verbes, noms d’action, mouvement, souffrance et risque."
"12","HELP_ASSIST","action","action","32","","aider, porter assistance","minuscules","non","absents","aucune","singulier ou nom massif","international ou partagé","Action","action","C","Les 32 entrées mêlent verbes, noms d’action, mouvement, souffrance et risque."
"13","CONDOM_PROTECTION","health","health","1","préservatif","préservatif, moyen de protection contraceptive","minuscules","non","absents","aucune","singulier ou nom massif","anglais","","santé","A","PRESERVATIF relève de la santé ou protection."
"14","PRESERVATIVE_ADDITIVE","food","food","1","","conservateur, substance qui préserve un aliment","minuscules","non","absents","aucune","singulier ou nom massif","anglais","FOOD_NUTRITION | nourriture","alimentation","B","Le conservateur est une substance alimentaire."
"15","WIDE_BROAD","description","description","5","large","large, de grande largeur","minuscules","non","absents","aucune","singulier ou nom massif","international ou partagé","","description","C","Large, long, sensible et naturel n’ont pas de domaine thématique commun."
"16","LONG_LENGTHY","description","description","5","long","long, de grande longueur","minuscules","non","absents","aucune","singulier ou nom massif","international ou partagé","","description","C","Large, long, sensible et naturel n’ont pas de domaine thématique commun."
"17","ANIMAL_CREATURE","biology","biology","1","animal","animal, être vivant non humain","minuscules","non","absents","aucune","singulier ou nom massif","anglais","","biologie","A","ANIMAL_CREATURE relève de la biologie."
"18","CULTURE_HUMAN","society","society","1","culture","culture, ensemble de pratiques et savoirs","minuscules","non","absents","aucune","singulier ou nom massif","anglais","société","société","A","CULTURE_HUMAN relève de la société."
"19","POLITICS_FIELD","politics","politics","2","politique","politique, domaine de gouvernement","minuscules","non","absents","aucune","singulier ou nom massif","anglais","","politique","A","NATION et POLITIQUE relèvent du champ politique."
"20","PROBLEM_DIFFICULTY","general","general","8","problème","problème, difficulté ou question à résoudre","minuscules","non","absents","aucune","singulier ou nom massif","anglais probable","","général","C","Important, problème, différent, organisation, scientifique, promouvoir et comprendre sont hétérogènes."
"21","MUSIC_ART","art","art","1","musique","musique, art des sons","minuscules","non","absents","aucune","singulier ou nom massif","international ou partagé","","art","D","MUSIC_ART relève directement de l’art."
"22","GENERAL_COMMON","general","general","8","général","général, commun ou global","minuscules","non","absents","aucune","singulier ou nom massif","anglais probable","","général","C","Important, problème, différent, organisation, scientifique, promouvoir et comprendre sont hétérogènes."
"23","DIFFERENT_NOT_SAME","general","general","8","différent","différent, pas identique","minuscules","non","absents","aucune","singulier ou nom massif","anglais probable","","général","C","Important, problème, différent, organisation, scientifique, promouvoir et comprendre sont hétérogènes."
"24","ASK_REQUEST","communication","communication","4","demander","demander, poser une requête","minuscules","non","absents","aucune","singulier ou nom massif","international ou partagé","","communication","D","Information, demande et échange d’informations sont cohérents."
"25","DEMAND_REQUIRE","communication","communication","4","","exiger, réclamer","minuscules","non","absents","aucune","singulier ou nom massif","international ou partagé","","communication","D","Information, demande et échange d’informations sont cohérents."
"26","REASONABLE_SENSIBLE","description","description","5","sensible","sensible, raisonnable","minuscules","non","absents","aucune","singulier ou nom massif","international ou partagé","","description","C","Large, long, sensible et naturel n’ont pas de domaine thématique commun."
"27","SENSITIVE_EMOTIONAL","description","description","5","","sensible, qui ressent facilement / sensitive","minuscules","non","absents","aucune","singulier ou nom massif","international ou partagé","","description","C","Large, long, sensible et naturel n’ont pas de domaine thématique commun."
"28","CURRENCY_MONEY","economy","economy","1","monnaie","monnaie, argent ou devise","minuscules","non","absents","aucune","singulier ou nom massif","anglais","économie","économie","A","MONNAIE relève de l’économie."
"29","SECONDARY_SCHOOL_FR","education","education","4","collège","collège, établissement scolaire intermédiaire","minuscules","non","absents","aucune","singulier ou nom massif","indéterminable","éducation","éducation","A","Université, bibliothèque et collège relèvent de l’éducation ; l’accent français est certain."
"30","COLLEGE_HE","education","education","4","","college, établissement d’enseignement supérieur","minuscules","non","absents","aucune","singulier ou nom massif","indéterminable","éducation","éducation","A","Université, bibliothèque et collège relèvent de l’éducation ; l’accent français est certain."
"31","ORGANIZATION_ENTITY","general","general","8","organisation","organisation, structure organisée","minuscules","non","absents","aucune","singulier ou nom massif","anglais probable","","général","C","Important, problème, différent, organisation, scientifique, promouvoir et comprendre sont hétérogènes."
"32","LANGUAGE_SYSTEM","language","language","1","langues","langue, système de communication","minuscules","non","absents","aucune","singulier ou nom massif","anglais","langue","langue","A","LANGUAGE_SYSTEM désigne une langue."
"33","SCIENTIFIC_PROPERTY","general","general","8","","scientifique","minuscules","non","absents","aucune","singulier ou nom massif","anglais probable","","général","C","Important, problème, différent, organisation, scientifique, promouvoir et comprendre sont hétérogènes."
"34","PROMOTE_ACTION","general","general","8","","promouvoir, favoriser","minuscules","non","absents","aucune","singulier ou nom massif","anglais probable","","général","C","Important, problème, différent, organisation, scientifique, promouvoir et comprendre sont hétérogènes."
"35","UNDERSTAND_COMPREHEND","general","general","8","comprendre","comprendre","minuscules","non","absents","aucune","singulier ou nom massif","anglais probable","","général","C","Important, problème, différent, organisation, scientifique, promouvoir et comprendre sont hétérogènes."
"36","SCHOOL_PLACE","école","école","1","école","école","minuscules","non","présents","aucune","singulier ou nom massif","français","","école","D","SCHOOL_PLACE correspond exactement."
"37","INTERNATIONAL","international","international","1","international","international","minuscules","non","absents","aucune","singulier ou nom massif","international ou partagé","","international","D","L’entrée correspond exactement."
"38","SPACE_PLANET","espace","espace","9","planète","Une planète, un corps céleste qui tourne autour d'une étoile","minuscules","non","absents","aucune","singulier ou nom massif","français","","espace","D","Les neuf entrées portent sur l’espace astronomique."
"39","SPACE_STAR","espace","espace","9","étoile","Une étoile dans l’espace, un astre lumineux","minuscules","non","absents","aucune","singulier ou nom massif","français","","espace","D","Les neuf entrées portent sur l’espace astronomique."
"40","SPACE_MOON","espace","espace","9","lune","Un satellite naturel, la lune autour d’une planète","minuscules","non","absents","aucune","singulier ou nom massif","français","","espace","D","Les neuf entrées portent sur l’espace astronomique."
"41","SPACE_SATELLITE","espace","espace","9","satellite","Un objet artificiel qui orbite autour de la Terre ou d’autres corps","minuscules","non","absents","aucune","singulier ou nom massif","français","","espace","D","Les neuf entrées portent sur l’espace astronomique."
"42","SPACE_ASTRONAUT","espace","espace","9","astronaute","Une personne qui voyage dans l’espace","minuscules","non","absents","aucune","singulier ou nom massif","français","","espace","D","Les neuf entrées portent sur l’espace astronomique."
"43","SPACE_ORBIT","espace","espace","9","orbite","Le chemin qu’un objet fait autour d’un corps céleste","minuscules","non","absents","aucune","singulier ou nom massif","français","","espace","D","Les neuf entrées portent sur l’espace astronomique."
"44","SPACE_TO_EXPLORE","espace","espace","9","explorer","Explorer l’espace, aller dans un lieu inconnu","minuscules","non","absents","aucune","singulier ou nom massif","français","","espace","D","Les neuf entrées portent sur l’espace astronomique."
"45","SPACE_VAST","espace","espace","9","vaste","Très grand, immense, comme l’espace","minuscules","non","absents","aucune","singulier ou nom massif","français","","espace","D","Les neuf entrées portent sur l’espace astronomique."
"46","SPACE_TO_LAUNCH","espace","espace","9","lancer","Lancer une fusée ou un engin spatial","minuscules","non","absents","aucune","singulier ou nom massif","français","","espace","D","Les neuf entrées portent sur l’espace astronomique."
"47","EDUCATION","éducation","éducation","6","éducation","Processus d'apprentissage et d'instruction","minuscules","non","présents","aucune","singulier ou nom massif","français","education","éducation","D","Éducation, université, étudiant, formation et académique sont cohérents."
"48","COOPERATION","relations sociales","relations sociales","1","coopération","Action de travailler ensemble vers un but commun","minuscules","non","absents","espaces internes","pluriel","français","","relations sociales","D","COOPERATION relève directement des relations sociales."
"49","CULTURAL","culture","culture","1","culturel","Relatif à la culture","minuscules","non","absents","aucune","singulier ou nom massif","international ou partagé","","culture","D","CULTURAL relève directement de la culture."
"50","UNIVERSITY","éducation","éducation","6","","Institution d'enseignement supérieur","minuscules","non","présents","aucune","singulier ou nom massif","français","education","éducation","D","Éducation, université, étudiant, formation et académique sont cohérents."
"51","ETUDIANT","éducation","éducation","6","étudiant","Personne qui étudie","minuscules","non","présents","aucune","singulier ou nom massif","français","education","éducation","D","Éducation, université, étudiant, formation et académique sont cohérents."
"52","OBSERVE","action","action","32","observer","Regarder attentivement","minuscules","non","absents","aucune","singulier ou nom massif","international ou partagé","Action","action","C","Les 32 entrées mêlent verbes, noms d’action, mouvement, souffrance et risque."
"53","COMMUNICATION","communication","communication","4","communication","Action d'échanger des informations","minuscules","non","absents","aucune","singulier ou nom massif","international ou partagé","","communication","D","Information, demande et échange d’informations sont cohérents."
"54","ROMANCE_LANGUAGE","langue","langue","6","romanesque","Langue issue du latin","minuscules","non","absents","aucune","singulier ou nom massif","français","language","langue","D","Langue romane, traduction, mot, terminaison, sens et texte sont cohérents."
"55","ACCESSIBLE","qualité","qualité","28","accessible","Facile d'accès","minuscules","non","présents","aucune","singulier ou nom massif","français","Qualité","qualité","C","Les 28 adjectifs couvrent accessibilité, durée, intensité, humanité, climat et logique."
"56","IMAGINE","cognition","cognition","4","imaginer","Se représenter mentalement","minuscules","non","absents","aucune","singulier ou nom massif","international ou partagé","","cognition","D","Imaginer, comprendre et réfléchir relèvent de la cognition."
"57","CIRCULATE","mouvement","mouvement","3","circuler","Se déplacer autour ou parmi","minuscules","non","absents","aucune","singulier ou nom massif","français","","mouvement","D","CIRCULER et SE LEVER relèvent du mouvement."
"58","QUICKLY","temps","temps","4","rapidement","D'une manière rapide","minuscules","non","absents","aucune","invariable","français","time | temps_manière","temps","C","RAPIDEMENT, QUAND, PREMIEREMENT et EVENEMENT mêlent temps, manière et discours."
"59","EXIST","existence","existence","2","exister","Être réel ou présent","minuscules","non","absents","aucune","singulier ou nom massif","international ou partagé","","existence","D","Les deux entrées EXISTER sont cohérentes."
"60","COMMON","qualité","qualité","28","commun","Partagé par plusieurs","minuscules","non","présents","aucune","singulier ou nom massif","français","Qualité","qualité","C","Les 28 adjectifs couvrent accessibilité, durée, intensité, humanité, climat et logique."
"61","COMPREHENSION","cognition","cognition","4","compréhension","Action de comprendre","minuscules","non","absents","aucune","singulier ou nom massif","international ou partagé","","cognition","D","Imaginer, comprendre et réfléchir relèvent de la cognition."
"62","CONTEXT","situation","situation","1","contexte","Ensemble des circonstances d'une situation","minuscules","non","absents","aucune","singulier ou nom massif","international ou partagé","","situation","D","CONTEXTE décrit une situation."
"63","TRAINING","éducation","éducation","6","formation","Processus d'enseignement ou de préparation","minuscules","non","présents","aucune","singulier ou nom massif","français","education","éducation","D","Éducation, université, étudiant, formation et académique sont cohérents."
"64","RESEARCH","science","science","3","recherche","Travail pour découvrir ou étudier","minuscules","non","absents","aucune","singulier ou nom massif","international ou partagé","","science","D","Phénomène, recherche et méthodologie relèvent de la science."
"65","INNOVATION","technologie","technologie","1","innovation","Introduction de nouveautés","minuscules","non","absents","aucune","singulier ou nom massif","international ou partagé","","technologie","D","INNOVATION relève de la technologie."
"66","EXPERIENCE","vie","vie","1","expérience","Connaissance acquise par la pratique","minuscules","non","absents","aucune","singulier ou nom massif","français","","vie","D","EXPERIENCE relève de la vie vécue."
"67","OBJECTIVE","but","but","1","objectif","But à atteindre","minuscules","non","absents","aucune","singulier ou nom massif","français","","but","D","OBJECTIVE correspond exactement."
"68","TRANSLATE","langue","langue","6","traduire","Rendre un texte d'une langue en une autre","minuscules","non","absents","aucune","singulier ou nom massif","français","language","langue","D","Langue romane, traduction, mot, terminaison, sens et texte sont cohérents."
"69","WORD","langue","langue","6","mot","Unité de langage écrite ou orale","minuscules","non","absents","aucune","singulier ou nom massif","français","language","langue","D","Langue romane, traduction, mot, terminaison, sens et texte sont cohérents."
"70","IDENTIFY","action","action","32","identifier","Reconnaître et nommer","minuscules","non","absents","aucune","singulier ou nom massif","international ou partagé","Action","action","C","Les 32 entrées mêlent verbes, noms d’action, mouvement, souffrance et risque."
"71","ELEMENT","objet","objet","1","élément","Composant ou partie d'un tout","minuscules","non","absents","aucune","singulier ou nom massif","français","","objet","D","ELEMENT désigne un objet ou composant."
"72","FAMILIAR","qualité","qualité","28","familier","Bien connu, habituel","minuscules","non","présents","aucune","singulier ou nom massif","français","Qualité","qualité","C","Les 28 adjectifs couvrent accessibilité, durée, intensité, humanité, climat et logique."
"73","RECOGNIZE","action","action","32","reconnaître","Identifier par la mémoire ou l'examen","minuscules","non","absents","aucune","singulier ou nom massif","international ou partagé","Action","action","C","Les 32 entrées mêlent verbes, noms d’action, mouvement, souffrance et risque."
"74","ENDING","langue","langue","6","terminaison","Terminaison d'un mot","minuscules","non","absents","aucune","singulier ou nom massif","français","language","langue","D","Langue romane, traduction, mot, terminaison, sens et texte sont cohérents."
"75","USEFUL","qualité","qualité","28","utile","Qui sert à quelque chose","minuscules","non","présents","aucune","singulier ou nom massif","français","Qualité","qualité","C","Les 28 adjectifs couvrent accessibilité, durée, intensité, humanité, climat et logique."
"76","BUILD","action","action","32","construire","Assembler ou former","minuscules","non","absents","aucune","singulier ou nom massif","international ou partagé","Action","action","C","Les 32 entrées mêlent verbes, noms d’action, mouvement, souffrance et risque."
"77","MEANING","langue","langue","6","sens","Sens d'un mot ou d'une phrase","minuscules","non","absents","aucune","singulier ou nom massif","français","language","langue","D","Langue romane, traduction, mot, terminaison, sens et texte sont cohérents."
"78","WAY","manière","manière","3","manière","Manière de faire","minuscules","non","présents","aucune","singulier ou nom massif","français","","manière","D","MANIERE, SURTOUT et DIRECTEMENT expriment une manière ou modalité."
"79","PROGRESSIVE","qualité","qualité","28","progressif","Qui avance par étapes","minuscules","non","présents","aucune","singulier ou nom massif","français","Qualité","qualité","C","Les 28 adjectifs couvrent accessibilité, durée, intensité, humanité, climat et logique."
"80","METHODOLOGY","science","science","3","méthodologie","Ensemble de méthodes","minuscules","non","absents","aucune","singulier ou nom massif","international ou partagé","","science","D","Phénomène, recherche et méthodologie relèvent de la science."
"81","BASED","qualité","qualité","28","basé","Fondé sur quelque chose","minuscules","non","présents","aucune","singulier ou nom massif","français","Qualité","qualité","C","Les 28 adjectifs couvrent accessibilité, durée, intensité, humanité, climat et logique."
"82","OBSERVATION","action","action","32","observation","Action d'observer","minuscules","non","absents","aucune","singulier ou nom massif","international ou partagé","Action","action","C","Les 32 entrées mêlent verbes, noms d’action, mouvement, souffrance et risque."
"83","COMPARISON","action","action","32","comparaison","Action de comparer","minuscules","non","absents","aucune","singulier ou nom massif","international ou partagé","Action","action","C","Les 32 entrées mêlent verbes, noms d’action, mouvement, souffrance et risque."
"84","REFLECTION","cognition","cognition","4","réflexion","Action de réfléchir","minuscules","non","absents","aucune","singulier ou nom massif","international ou partagé","","cognition","D","Imaginer, comprendre et réfléchir relèvent de la cognition."
"85","ALLOW","action","action","32","permettre","Permettre","minuscules","non","absents","aucune","singulier ou nom massif","international ou partagé","Action","action","C","Les 32 entrées mêlent verbes, noms d’action, mouvement, souffrance et risque."
"86","DEVELOP","action","action","32","développer","Faire croître ou progresser","minuscules","non","absents","aucune","singulier ou nom massif","international ou partagé","Action","action","C","Les 32 entrées mêlent verbes, noms d’action, mouvement, souffrance et risque."
"87","STRATEGY","planification","planification","2","stratégie","Plan d'action pour atteindre un but","minuscules","non","absents","aucune","singulier ou nom massif","international ou partagé","","planification","D","STRATEGIE et PROJET relèvent de la planification."
"88","LASTING","qualité","qualité","28","durable","Qui dure longtemps","minuscules","non","présents","aucune","singulier ou nom massif","français","Qualité","qualité","C","Les 28 adjectifs couvrent accessibilité, durée, intensité, humanité, climat et logique."
"89","BETTER","qualité","qualité","28","meilleur","De meilleure qualité","minuscules","non","présents","aucune","singulier ou nom massif","français","Qualité","qualité","C","Les 28 adjectifs couvrent accessibilité, durée, intensité, humanité, climat et logique."
"90","TEXT","langue","langue","6","texte","Contenu écrit","minuscules","non","absents","aucune","singulier ou nom massif","français","language","langue","D","Langue romane, traduction, mot, terminaison, sens et texte sont cohérents."
"91","UNKNOWN","qualité","qualité","28","inconnu","Qui n'est pas connu","minuscules","non","présents","aucune","singulier ou nom massif","français","Qualité","qualité","C","Les 28 adjectifs couvrent accessibilité, durée, intensité, humanité, climat et logique."
"92","LA_DEFINITE_ARTICLE_FEMININE","grammaire","grammaire","19","la","article défini féminin singulier","minuscules","non","absents","aucune","singulier ou nom massif","français","Grammaire","grammaire","D","Les 19 entrées sont des mots ou fonctions grammaticales."
"93","Y_CONJUNCTION_AND","grammaire","grammaire","19","et","conjonction de coordination signifiant 'et'","minuscules","non","absents","aucune","singulier ou nom massif","français","Grammaire","grammaire","D","Les 19 entrées sont des mots ou fonctions grammaticales."
"94","ENTRE_PREPOSITION_AMONG_BETWEEN","relations spatiales","relations spatiales","1","entre","préposition exprimant une relation entre plusieurs entités","minuscules","non","absents","espaces internes","pluriel","français","","relations spatiales","D","ENTRE exprime une relation spatiale."
"95","UNIVERSIDAD_NOUN_UNIVERSITY","éducation","éducation","6","","établissement d'enseignement supérieur","minuscules","non","présents","aucune","singulier ou nom massif","français","education","éducation","D","Éducation, université, étudiant, formation et académique sont cohérents."
"96","BEAUCOUP_DE","quantité","quantité","10","beaucoup de","quantificateur exprimant une grande quantité","minuscules","non","présents","aucune","singulier ou nom massif","français","","quantité","C","Quantificateurs, niveau, élévation et million mêlent grammaire, mesure et changement."
"98","OBSERVAR_VERB_TO_OBSERVE","perception","perception","1","","regarder attentivement","minuscules","non","absents","aucune","singulier ou nom massif","international ou partagé","","perception","D","OBSERVER relève de la perception."
"99","QUE_CONJUNCTION_THAT","grammaire","grammaire","19","que","conjonction ou pronom relatif introduisant une proposition","minuscules","non","absents","aucune","singulier ou nom massif","français","Grammaire","grammaire","D","Les 19 entrées sont des mots ou fonctions grammaticales."
"100","ACADEMIQUE","éducation","éducation","6","académique","relatif à l'académie ou à l'enseignement","minuscules","non","présents","aucune","singulier ou nom massif","français","education","éducation","D","Éducation, université, étudiant, formation et académique sont cohérents."
"101","EN_PREPOSITION_IN_ON_AT","grammaire","grammaire","19","en","préposition de lieu ou temps fréquente","minuscules","non","absents","aucune","singulier ou nom massif","français","Grammaire","grammaire","D","Les 19 entrées sont des mots ou fonctions grammaticales."
"102","RESULTER","causalité","causalité","2","résulter","être le résultat de quelque chose","minuscules","non","présents","aucune","singulier ou nom massif","français","","causalité","D","RESULTER et CONSEQUENCE relèvent de la causalité."
"103","MAS_ADVERB_MORE","quantité","quantité","10","plus","adverbe de degré signifiant 'plus'","minuscules","non","présents","aucune","singulier ou nom massif","français","","quantité","C","Quantificateurs, niveau, élévation et million mêlent grammaire, mesure et changement."
"104","DE_PREPOSITION_OF_FROM","grammaire","grammaire","19","de","préposition exprimant la possession ou origine","minuscules","non","absents","aucune","singulier ou nom massif","français","Grammaire","grammaire","D","Les 19 entrées sont des mots ou fonctions grammaticales."
"105","LO_DEFINITE_ARTICLE_NEUTER","grammaire","grammaire","19","le (neutre)","article défini neutre en espagnol et autres","minuscules","non","absents","aucune","singulier ou nom massif","français","Grammaire","grammaire","D","Les 19 entrées sont des mots ou fonctions grammaticales."
"106","IMAGINAR_VERB_TO_IMAGINE","cognition","cognition","4","","se former une image mentale","minuscules","non","absents","aucune","singulier ou nom massif","international ou partagé","","cognition","D","Imaginer, comprendre et réfléchir relèvent de la cognition."
"107","CIRCULAR_VERB_TO_CIRCULATE","mouvement","mouvement","3","","se déplacer en cercle ou se répandre","minuscules","non","absents","aucune","singulier ou nom massif","français","","mouvement","D","CIRCULER et SE LEVER relèvent du mouvement."
"108","CUANDO_CONJUNCTION_WHEN","temps","temps","4","quand","conjonction de temps signifiant 'quand'","minuscules","non","absents","aucune","invariable","français","time | temps_manière","temps","C","RAPIDEMENT, QUAND, PREMIEREMENT et EVENEMENT mêlent temps, manière et discours."
"109","EXISTIR_VERB_TO_EXIST","existence","existence","2","","avoir une réalité, être présent","minuscules","non","absents","aucune","singulier ou nom massif","international ou partagé","","existence","D","Les deux entrées EXISTER sont cohérentes."
"110","UNO_DETERMINER_INDEFINITE_ONE_A","grammaire","grammaire","19","un","article indéfini singulier masculin ou pronom","minuscules","non","absents","aucune","singulier ou nom massif","français","Grammaire","grammaire","D","Les 19 entrées sont des mots ou fonctions grammaticales."
"111","ESPECIALMENTE_ADVERB_ESPECIALLY","manière","manière","3","surtout","adverbe marquant une intensité ou une exception","minuscules","non","présents","aucune","singulier ou nom massif","français","","manière","D","MANIERE, SURTOUT et DIRECTEMENT expriment une manière ou modalité."
"112","ESTE_DEMONSTRATIVE_THIS","grammaire","grammaire","19","ce/cette","déterminant démonstratif masculin singulier","minuscules","non","absents","aucune","singulier ou nom massif","français","Grammaire","grammaire","D","Les 19 entrées sont des mots ou fonctions grammaticales."
"113","EL_DEFINITE_ARTICLE_MASCULINE","grammaire","grammaire","19","le","article défini masculin singulier","minuscules","non","absents","aucune","singulier ou nom massif","français","Grammaire","grammaire","D","Les 19 entrées sont des mots ou fonctions grammaticales."
"114","NO_ADVERB_NEGATION","grammaire","grammaire","19","ne... pas","adverbe de négation","minuscules","non","absents","aucune","singulier ou nom massif","français","Grammaire","grammaire","D","Les 19 entrées sont des mots ou fonctions grammaticales."
"115","SER_VERB_TO_BE","grammaire","grammaire","19","être","verbe d'état 'être'","minuscules","non","absents","aucune","singulier ou nom massif","français","Grammaire","grammaire","D","Les 19 entrées sont des mots ou fonctions grammaticales."
"116","CADA_DETERMINER_EACH_EVERY","quantité","quantité","10","chaque","déterminant indiquant une unité dans un ensemble","minuscules","non","présents","aucune","singulier ou nom massif","français","","quantité","C","Quantificateurs, niveau, élévation et million mêlent grammaire, mesure et changement."
"117","SINO_CONJUNCTION_BUT_RATHER","grammaire","grammaire","19","mais","conjonction exprimant une opposition","minuscules","non","absents","aucune","singulier ou nom massif","français","Grammaire","grammaire","D","Les 19 entrées sont des mots ou fonctions grammaticales."
"122","PERMITIR_VERB_TO_ALLOW","action","action","32","","donner la permission ou rendre possible","minuscules","non","absents","aucune","singulier ou nom massif","international ou partagé","Action","action","C","Les 32 entrées mêlent verbes, noms d’action, mouvement, souffrance et risque."
"124","PARA_PREPOSITION_FOR_TO","grammaire","grammaire","19","pour","préposition indiquant le but ou la destination","minuscules","non","absents","aucune","singulier ou nom massif","français","Grammaire","grammaire","D","Les 19 entrées sont des mots ou fonctions grammaticales."
"126","RESULTAT","économie","économie","3","résultat","résultat d'une action ou d'un événement","minuscules","non","présents","aucune","singulier ou nom massif","français","economy","économie","C","PRODUCTION_AGRICOLE est économique, mais RESULTAT et ALIMENTATION ne le sont pas nécessairement."
"127","MODESTE","qualité","qualité","28","modeste","qui a une faible importance ou intensité","minuscules","non","présents","aucune","singulier ou nom massif","français","Qualité","qualité","C","Les 28 adjectifs couvrent accessibilité, durée, intensité, humanité, climat et logique."
"128","PARTICIPANT","personne","personne","1","participant","personne qui prend part à une activité ou un événement","minuscules","non","absents","aucune","singulier ou nom massif","français","","personne","D","PARTICIPANT est une personne."
"129","TRAVAILLER","travail","travail","1","travailler","exercer une activité professionnelle ou produire un effort","minuscules","non","absents","aucune","singulier ou nom massif","français","","travail","D","TRAVAILLER relève directement du travail."
"130","BEAUCOUP","quantité","quantité","10","beaucoup","en grande quantité ou intensité","minuscules","non","présents","aucune","singulier ou nom massif","français","","quantité","C","Quantificateurs, niveau, élévation et million mêlent grammaire, mesure et changement."
"131","CEPENDANT","liaison","liaison","3","cependant","indique une opposition ou une restriction","minuscules","non","absents","aucune","singulier ou nom massif","français","","relations logiques","B","CEPENDANT, PAR CONSEQUENT et PARCE QUE marquent opposition, conséquence et cause."
"132","SER","verbe auxiliaire","verbe auxiliaire","1","","exister ou avoir une certaine qualité","minuscules","non","absents","espaces internes","singulier ou nom massif","français","","verbe auxiliaire","D","SER est traité comme verbe d’état ou auxiliaire."
"133","ALGUNO","quantité","quantité","10","quelque","quantificateur indéfini, désigne une ou plusieurs entités","minuscules","non","présents","aucune","singulier ou nom massif","français","","quantité","C","Quantificateurs, niveau, élévation et million mêlent grammaire, mesure et changement."
"134","ABANDONNER","action","action","32","abandonner","quitter ou renoncer à quelque chose","minuscules","non","absents","aucune","singulier ou nom massif","international ou partagé","Action","action","C","Les 32 entrées mêlent verbes, noms d’action, mouvement, souffrance et risque."
"135","PROJET","planification","planification","2","projet","plan ou programme pour réaliser quelque chose","minuscules","non","absents","aucune","singulier ou nom massif","international ou partagé","","planification","D","STRATEGIE et PROJET relèvent de la planification."
"136","POR_TANTO","liaison","liaison","3","par conséquent","indique une conséquence","minuscules","non","absents","aucune","singulier ou nom massif","français","","relations logiques","B","CEPENDANT, PAR CONSEQUENT et PARCE QUE marquent opposition, conséquence et cause."
"137","NECESSAIRE","qualité","qualité","28","nécessaire","qui doit être fait ou exister","minuscules","non","présents","aucune","singulier ou nom massif","français","Qualité","qualité","C","Les 28 adjectifs couvrent accessibilité, durée, intensité, humanité, climat et logique."
"138","ADAPTER","action","action","32","adapter","ajuster pour convenir à un nouvel usage ou condition","minuscules","non","absents","aucune","singulier ou nom massif","international ou partagé","Action","action","C","Les 32 entrées mêlent verbes, noms d’action, mouvement, souffrance et risque."
"139","CONTINUER","action","action","32","continuer","poursuivre une action ou un état","minuscules","non","absents","aucune","singulier ou nom massif","international ou partagé","Action","action","C","Les 32 entrées mêlent verbes, noms d’action, mouvement, souffrance et risque."
"140","PARCE_QUE","liaison","liaison","3","parce que","indique une cause ou une raison","minuscules","non","absents","aucune","singulier ou nom massif","français","","relations logiques","B","CEPENDANT, PAR CONSEQUENT et PARCE QUE marquent opposition, conséquence et cause."
"141","TROUVER","action","action","32","trouver","découvrir ou localiser quelque chose ou quelqu’un","minuscules","non","absents","aucune","singulier ou nom massif","international ou partagé","Action","action","C","Les 32 entrées mêlent verbes, noms d’action, mouvement, souffrance et risque."
"142","FUIR","action","action","32","fuir","quitter un lieu, partir","minuscules","non","absents","aucune","singulier ou nom massif","international ou partagé","Action","action","C","Les 32 entrées mêlent verbes, noms d’action, mouvement, souffrance et risque."
"145","SANS","relation","relation","5","sans","indiquant l'absence de quelque chose","minuscules","non","absents","aucune","singulier ou nom massif","international ou partagé","","relations logiques","C","SANS, DONC et PAR CONSEQUENT relèvent du discours, mais CAUSE relève aussi de la causalité."
"147","ALLER","action","action","32","aller","se déplacer vers un lieu","minuscules","non","absents","aucune","singulier ou nom massif","international ou partagé","Action","action","C","Les 32 entrées mêlent verbes, noms d’action, mouvement, souffrance et risque."
"148","AUSSI","addition","addition","1","aussi","indique une addition, également","minuscules","non","absents","aucune","singulier ou nom massif","international ou partagé","","addition","D","AUSSI marque bien une relation additive."
"149","QUELQUES","quantité","quantité","10","quelques","une petite quantité indéfinie","minuscules","non","présents","aucune","singulier ou nom massif","français","","quantité","C","Quantificateurs, niveau, élévation et million mêlent grammaire, mesure et changement."
"152","DONC","relation","relation","5","donc","conclusion ou conséquence","minuscules","non","absents","aucune","singulier ou nom massif","international ou partagé","","relations logiques","C","SANS, DONC et PAR CONSEQUENT relèvent du discours, mais CAUSE relève aussi de la causalité."
"157","CONSEQUENCE","causalité","causalité","2","conséquence","effet produisant un résultat","minuscules","non","présents","aucune","singulier ou nom massif","français","","causalité","D","RESULTER et CONSEQUENCE relèvent de la causalité."
"158","DESASTRE","catastrophe","catastrophe","1","désastre","événement catastrophique","minuscules","non","absents","aucune","singulier ou nom massif","international ou partagé","","catastrophe","D","DESASTRE relève directement de la catastrophe."
"159","GLACIER","nature","nature","16","glacier","masse de glace en mouvement","minuscules","non","absents","aucune","singulier ou nom massif","français","","nature","C","Glacier, Terre, climat, mer, habitat, faune, flore et déforestation pourraient justifier des sous-domaines."
"160","DETERMINANT_POSSESSIF_1PLURAL","grammaire","grammaire","19","notre","adjectif possessif première personne pluriel","minuscules","non","absents","aucune","singulier ou nom massif","français","Grammaire","grammaire","D","Les 19 entrées sont des mots ou fonctions grammaticales."
"161","PLANETE_TERRE","nature","nature","16","Terre","planète habitée par l'humanité","minuscules","non","absents","aucune","singulier ou nom massif","français","","nature","C","Glacier, Terre, climat, mer, habitat, faune, flore et déforestation pourraient justifier des sous-domaines."
"162","SOUFFRIR","ressenti","ressenti","1","souffrir","éprouver une douleur ou un mal","minuscules","non","absents","aucune","singulier ou nom massif","français","","ressenti","D","SOUFFRIR relève directement du ressenti."
"163","ALTERATION","changement","changement","6","altération","modification ou dégradation","minuscules","non","absents","aucune","singulier ou nom massif","français","Changement","changement","D","Altération, augmentation, variation, devenir, accélération et perte forment un ensemble défendable."
"164","CLIMATIQUE","nature","nature","16","climatique","relatif au climat","minuscules","non","absents","aucune","singulier ou nom massif","français","","nature","C","Glacier, Terre, climat, mer, habitat, faune, flore et déforestation pourraient justifier des sous-domaines."
"165","TRES","adverbe","adverbe","1","très","adverbe d’intensité","minuscules","non","absents","aucune","singulier ou nom massif","français","","grammaire","C","TRES est un adverbe d’intensité ; il faut choisir entre grammaire et sémantique."
"166","GRAVE","qualité","qualité","28","grave","d’importance ou de danger sérieux","minuscules","non","présents","aucune","singulier ou nom massif","français","Qualité","qualité","C","Les 28 adjectifs couvrent accessibilité, durée, intensité, humanité, climat et logique."
"167","PREOCCUPANT","qualité","qualité","28","préoccupant","causant une inquiétude","minuscules","non","présents","aucune","singulier ou nom massif","français","Qualité","qualité","C","Les 28 adjectifs couvrent accessibilité, durée, intensité, humanité, climat et logique."
"168","TEMPERATURE","météorologie","météorologie","1","température","degré de chaleur ou de froid","minuscules","non","présents","aucune","singulier ou nom massif","français","météo","météorologie","D","TEMPERATURE relève de la météorologie dans ce corpus."
"169","GLOBAL","qualité","qualité","28","global","qui concerne l’ensemble","minuscules","non","présents","aucune","singulier ou nom massif","français","Qualité","qualité","C","Les 28 adjectifs couvrent accessibilité, durée, intensité, humanité, climat et logique."
"170","AUGMENTER","changement","changement","6","augmenter","devenir plus grand","minuscules","non","absents","aucune","singulier ou nom massif","français","Changement","changement","D","Altération, augmentation, variation, devenir, accélération et perte forment un ensemble défendable."
"171","CONSTANT","qualité","qualité","28","constant","qui ne change pas","minuscules","non","présents","aucune","singulier ou nom massif","français","Qualité","qualité","C","Les 28 adjectifs couvrent accessibilité, durée, intensité, humanité, climat et logique."
"172","CETTE","grammaire","grammaire","19","cette","déterminant démonstratif féminin singulier","minuscules","non","absents","aucune","singulier ou nom massif","français","Grammaire","grammaire","D","Les 19 entrées sont des mots ou fonctions grammaticales."
"173","AUGMENTATION","événement","événement","2","augmentation","action d’augmenter","minuscules","non","présents","aucune","singulier ou nom massif","français","","événement","D","AUGMENTATION et PERTE peuvent être conceptualisées comme événements."
"174","THERMIQUE","physique","physique","1","thermique","relatif à la chaleur","minuscules","non","absents","aucune","singulier ou nom massif","français","","physique","D","THERMIQUE relève de la physique."
"175","PRODUIRE","action","action","32","produire","faire apparaître, engendrer","minuscules","non","absents","aucune","singulier ou nom massif","international ou partagé","Action","action","C","Les 32 entrées mêlent verbes, noms d’action, mouvement, souffrance et risque."
"176","NATURE","nature","nature","16","nature","monde naturel, environnement","minuscules","non","absents","aucune","singulier ou nom massif","français","","nature","C","Glacier, Terre, climat, mer, habitat, faune, flore et déforestation pourraient justifier des sous-domaines."
"177","HUMANITE","société","société","2","humanité","ensemble des humains","minuscules","non","présents","aucune","singulier ou nom massif","français","society","société","D","HUMANITE et CITE relèvent de la société."
"178","ENTIER","qualité","qualité","28","entier","tout complet, total","minuscules","non","présents","aucune","singulier ou nom massif","français","Qualité","qualité","C","Les 28 adjectifs couvrent accessibilité, durée, intensité, humanité, climat et logique."
"179","PREMIEREMENT","temps","temps","4","premièrement","adverbe indiquant le premier point","minuscules","non","absents","aucune","invariable","français","time | temps_manière","temps","C","RAPIDEMENT, QUAND, PREMIEREMENT et EVENEMENT mêlent temps, manière et discours."
"180","NOUS_PRONOM_PERSONNEL","grammaire","grammaire","19","nous","pronom personnel sujet première personne pluriel","minuscules","non","absents","aucune","singulier ou nom massif","français","Grammaire","grammaire","D","Les 19 entrées sont des mots ou fonctions grammaticales."
"181","OBSERVER","action","action","32","","regarder pour étudier","minuscules","non","absents","aucune","singulier ou nom massif","international ou partagé","Action","action","C","Les 32 entrées mêlent verbes, noms d’action, mouvement, souffrance et risque."
"182","DESTRUCTION","destruction","destruction","1","destruction","action de détruire","minuscules","non","absents","aucune","singulier ou nom massif","international ou partagé","","destruction","D","DESTRUCTION correspond exactement."
"183","ACCELERER","action","action","32","accélérer","augmenter la vitesse","minuscules","non","absents","aucune","singulier ou nom massif","international ou partagé","Action","action","C","Les 32 entrées mêlent verbes, noms d’action, mouvement, souffrance et risque."
"184","DESASTREUX","qualité","qualité","28","désastreux","qui cause un désastre","minuscules","non","présents","aucune","singulier ou nom massif","français","Qualité","qualité","C","Les 28 adjectifs couvrent accessibilité, durée, intensité, humanité, climat et logique."
"185","POLAIRE","nature","nature","16","polaire","relatif aux pôles terrestres","minuscules","non","absents","aucune","singulier ou nom massif","français","","nature","C","Glacier, Terre, climat, mer, habitat, faune, flore et déforestation pourraient justifier des sous-domaines."
"186","OCEAN","nature","nature","16","océan","grande étendue d'eau salée","minuscules","non","absents","aucune","singulier ou nom massif","français","","nature","C","Glacier, Terre, climat, mer, habitat, faune, flore et déforestation pourraient justifier des sous-domaines."
"187","ZONE","géographie","géographie","2","zone","espace délimité, région","minuscules","non","présents","aucune","singulier ou nom massif","français","GEOGRAPHY","géographie","D","ZONE et COTIER relèvent de la géographie."
"188","COTIER","géographie","géographie","2","côtier","relatif à la côte","minuscules","non","présents","aucune","singulier ou nom massif","français","GEOGRAPHY","géographie","D","ZONE et COTIER relèvent de la géographie."
"189","CITE","société","société","2","cité","ville, grande agglomération","minuscules","non","présents","aucune","singulier ou nom massif","français","society","société","D","HUMANITE et CITE relèvent de la société."
"191","CONTINU","qualité","qualité","28","continu","qui ne s'interrompt pas","minuscules","non","présents","aucune","singulier ou nom massif","français","Qualité","qualité","C","Les 28 adjectifs couvrent accessibilité, durée, intensité, humanité, climat et logique."
"192","PAR_CONSEQUENT","relation","relation","5","","indique une conséquence","minuscules","non","absents","aucune","singulier ou nom massif","international ou partagé","","relations logiques","C","SANS, DONC et PAR CONSEQUENT relèvent du discours, mais CAUSE relève aussi de la causalité."
"193","NIVEAU","quantité","quantité","10","niveau","hauteur ou degré","minuscules","non","présents","aucune","singulier ou nom massif","français","","quantité","C","Quantificateurs, niveau, élévation et million mêlent grammaire, mesure et changement."
"194","S_ELEVER","action","action","32","s'élever","monter en hauteur ou en nombre","minuscules","non","absents","aucune","singulier ou nom massif","international ou partagé","Action","action","C","Les 32 entrées mêlent verbes, noms d’action, mouvement, souffrance et risque."
"195","ELEVATION","quantité","quantité","10","élévation","action de monter, hausse","minuscules","non","présents","aucune","singulier ou nom massif","français","","quantité","C","Quantificateurs, niveau, élévation et million mêlent grammaire, mesure et changement."
"196","MARITIME","nature","nature","16","maritime","relatif à la mer","minuscules","non","absents","aucune","singulier ou nom massif","français","","nature","C","Glacier, Terre, climat, mer, habitat, faune, flore et déforestation pourraient justifier des sous-domaines."
"197","MENACER","action","action","32","menacer","constituer un danger","minuscules","non","absents","aucune","singulier ou nom massif","international ou partagé","Action","action","C","Les 32 entrées mêlent verbes, noms d’action, mouvement, souffrance et risque."
"198","DIRECTEMENT","manière","manière","3","directement","de manière immédiate, sans intermédiaire","minuscules","non","présents","aucune","singulier ou nom massif","français","","manière","D","MANIERE, SURTOUT et DIRECTEMENT expriment une manière ou modalité."
"201","PROCHE","localisation","localisation","1","proche","qui est situé à une faible distance","minuscules","non","absents","aucune","singulier ou nom massif","international ou partagé","","localisation","D","PROCHE exprime une localisation relative."
"202","MILLION","quantité","quantité","10","million","un nombre égal à mille milliers (1 000 000)","minuscules","non","présents","aucune","singulier ou nom massif","français","","quantité","C","Quantificateurs, niveau, élévation et million mêlent grammaire, mesure et changement."
"203","PERSONNE","être","être","1","personne","être humain","minuscules","non","présents","aucune","singulier ou nom massif","français","","personne","C","PERSONNE désigne un être humain ; personne ou société serait plus explicite."
"204","SOUFFRIR_VERB","action","action","32","","ressentir une douleur ou une détresse","minuscules","non","absents","aucune","singulier ou nom massif","international ou partagé","Action","action","C","Les 32 entrées mêlent verbes, noms d’action, mouvement, souffrance et risque."
"207","AUGMENTER_VERB","action","action","32","","devenir plus grand ou plus nombreux","minuscules","non","absents","aucune","singulier ou nom massif","international ou partagé","Action","action","C","Les 32 entrées mêlent verbes, noms d’action, mouvement, souffrance et risque."
"210","PRODUIRE_VERB","action","action","32","","faire apparaître, créer ou fabriquer","minuscules","non","absents","aucune","singulier ou nom massif","international ou partagé","Action","action","C","Les 32 entrées mêlent verbes, noms d’action, mouvement, souffrance et risque."
"213","OBSERVER_VERB","action","action","32","","regarder attentivement pour noter","minuscules","non","absents","aucune","singulier ou nom massif","international ou partagé","Action","action","C","Les 32 entrées mêlent verbes, noms d’action, mouvement, souffrance et risque."
"214","ACCELERE","qualité","qualité","28","accéléré","qui s'accélère, devient plus rapide","minuscules","non","présents","aucune","singulier ou nom massif","français","Qualité","qualité","C","Les 28 adjectifs couvrent accessibilité, durée, intensité, humanité, climat et logique."
"216","S_ELEVER_VERB","action","action","32","","monter à une certaine hauteur ou niveau","minuscules","non","absents","aucune","singulier ou nom massif","international ou partagé","Action","action","C","Les 32 entrées mêlent verbes, noms d’action, mouvement, souffrance et risque."
"217","MENACE","danger","danger","1","menace","danger ou risque potentiel","minuscules","non","absents","aucune","singulier ou nom massif","international ou partagé","","danger","D","MENACE relève du danger ; la distinction avec risque peut rester utile."
"218","MER","nature","nature","16","mer","grande étendue d'eau salée qui couvre une grande partie de la Terre","minuscules","non","absents","aucune","singulier ou nom massif","français","","nature","C","Glacier, Terre, climat, mer, habitat, faune, flore et déforestation pourraient justifier des sous-domaines."
"219","VULNERABLE","caractéristique","caractéristique","2","vulnérable","qui peut être facilement blessé ou affecté","minuscules","non","présents","aucune","singulier ou nom massif","français","","caractéristique","D","VULNERABLE et TOTAL décrivent des caractéristiques."
"221","CONSEQUEMMENT","temps_manière","temps_manière","1","conséquemment","en conséquence, par suite","minuscules","non","présents","underscore","non applicable","technique","","relations logiques","C","CONSEQUEMMENT marque surtout une conséquence logique."
"222","ELEVER","action","action","32","élever","monter, augmenter","minuscules","non","absents","aucune","singulier ou nom massif","international ou partagé","Action","action","C","Les 32 entrées mêlent verbes, noms d’action, mouvement, souffrance et risque."
"223","RISQUER","action","action","32","risquer","être en danger de","minuscules","non","absents","aucune","singulier ou nom massif","international ou partagé","Action","action","C","Les 32 entrées mêlent verbes, noms d’action, mouvement, souffrance et risque."
"224","PERTE","événement","événement","2","perte","action de perdre quelque chose","minuscules","non","présents","aucune","singulier ou nom massif","français","","événement","D","AUGMENTATION et PERTE peuvent être conceptualisées comme événements."
"225","TOTAL","caractéristique","caractéristique","2","total","complet, entier","minuscules","non","présents","aucune","singulier ou nom massif","français","","caractéristique","D","VULNERABLE et TOTAL décrivent des caractéristiques."
"226","HABITATION","lieu","lieu","2","habitation","lieu où l'on habite","minuscules","non","absents","aucune","singulier ou nom massif","français","","lieu","D","HABITATION et REGION sont des lieux."
"227","DEUXIEMEMENT","discourse","discourse","1","deuxièmement","indique le deuxième point d'un raisonnement","minuscules","non","absents","aucune","singulier ou nom massif","anglais","","discours","A","DEUXIEMEMENT organise le discours."
"228","VARIATION","changement","changement","6","variation","changement ou différence entre plusieurs états","minuscules","non","absents","aucune","singulier ou nom massif","français","Changement","changement","D","Altération, augmentation, variation, devenir, accélération et perte forment un ensemble défendable."
"229","EVENEMENT","temps","temps","4","événement","fait marquant ou incidence survenant un moment donné","minuscules","non","absents","aucune","invariable","français","time | temps_manière","temps","C","RAPIDEMENT, QUAND, PREMIEREMENT et EVENEMENT mêlent temps, manière et discours."
"230","METEOROLOGIQUE","nature","nature","16","météorologique","relatif à l'étude du temps atmosphérique","minuscules","non","absents","aucune","singulier ou nom massif","français","","nature","C","Glacier, Terre, climat, mer, habitat, faune, flore et déforestation pourraient justifier des sous-domaines."
"231","EXTREME","qualité","qualité","28","extrême","au niveau le plus élevé ou intense possible","minuscules","non","présents","aucune","singulier ou nom massif","français","Qualité","qualité","C","Les 28 adjectifs couvrent accessibilité, durée, intensité, humanité, climat et logique."
"232","PROVOQUER","agir","agir","2","provoquer","causer ou déclencher","minuscules","non","absents","aucune","singulier ou nom massif","français","","action","C","PROVOQUER et SUBIR sont des procès opposés ; la catégorie reste générale."
"233","SUBIR","agir","agir","2","subir","endurer, supporter un effet ou une action","minuscules","non","absents","aucune","singulier ou nom massif","français","","action","C","PROVOQUER et SUBIR sont des procès opposés ; la catégorie reste générale."
"234","CYCLONE","météo","météo","4","cyclone","Phénomène météorologique caractérisé par une tempête tropicale violente","minuscules","non","présents","aucune","singulier ou nom massif","français","météorologie","météorologie","B","Cyclone, tempête, précipitation et aridité relèvent de la météorologie."
"235","VIOLENT","qualité","qualité","28","violent","Qualifie une intensité forte et souvent nuisible","minuscules","non","présents","aucune","singulier ou nom massif","français","Qualité","qualité","C","Les 28 adjectifs couvrent accessibilité, durée, intensité, humanité, climat et logique."
"236","STORM","météo","météo","4","tempête","Phénomène atmosphérique avec vents forts et précipitations","minuscules","non","présents","aucune","singulier ou nom massif","français","météorologie","météorologie","B","Cyclone, tempête, précipitation et aridité relèvent de la météorologie."
"237","DEVASTATING","qualité","qualité","28","dévastateur","Caractérise quelque chose qui cause de grands dégâts","minuscules","non","présents","aucune","singulier ou nom massif","français","Qualité","qualité","C","Les 28 adjectifs couvrent accessibilité, durée, intensité, humanité, climat et logique."
"238","PRECIPITATION","météo","météo","4","précipitation","Eau qui tombe de l'atmosphère sous différentes formes","minuscules","non","présents","aucune","singulier ou nom massif","français","météorologie","météorologie","B","Cyclone, tempête, précipitation et aridité relèvent de la météorologie."
"239","INTENSE","qualité","qualité","28","intense","Qui se manifeste avec une forte intensité","minuscules","non","présents","aucune","singulier ou nom massif","français","Qualité","qualité","C","Les 28 adjectifs couvrent accessibilité, durée, intensité, humanité, climat et logique."
"240","REGION","lieu","lieu","2","région","Territoire délimité partageant des caractéristiques communes","minuscules","non","absents","aucune","singulier ou nom massif","français","","lieu","D","HABITATION et REGION sont des lieux."
"247","WHOLE","quantité","quantité","10","","Tout ce qui constitue un ensemble complet","minuscules","non","présents","aucune","singulier ou nom massif","français","","quantité","C","Quantificateurs, niveau, élévation et million mêlent grammaire, mesure et changement."
"250","RISQUE","risque","risque","2","risque","Possibilité de dommage ou de danger","minuscules","non","absents","aucune","singulier ou nom massif","international ou partagé","","risque","D","RISQUE et DANGER forment un groupe cohérent."
"251","THEIR","grammaire","grammaire","19","leur","Indique la possession par des tiers","minuscules","non","absents","aucune","singulier ou nom massif","français","Grammaire","grammaire","D","Les 19 entrées sont des mots ou fonctions grammaticales."
"252","CLIMATE","nature","nature","16","climat","Ensemble des conditions météorologiques d'une région","minuscules","non","absents","aucune","singulier ou nom massif","français","","nature","C","Glacier, Terre, climat, mer, habitat, faune, flore et déforestation pourraient justifier des sous-domaines."
"253","CAUSE","relation","relation","5","causer","Être l'origine de quelque chose","minuscules","non","absents","aucune","singulier ou nom massif","international ou partagé","","relations logiques","C","SANS, DONC et PAR CONSEQUENT relèvent du discours, mais CAUSE relève aussi de la causalité."
"254","DROUGHT","météo","météo","4","aridité","Période prolongée sans précipitations","minuscules","non","présents","aucune","singulier ou nom massif","français","météorologie","météorologie","B","Cyclone, tempête, précipitation et aridité relèvent de la météorologie."
"255","ARID","qualité","qualité","28","aride","Climat très sec, sans pluie","minuscules","non","présents","aucune","singulier ou nom massif","français","Qualité","qualité","C","Les 28 adjectifs couvrent accessibilité, durée, intensité, humanité, climat et logique."
"256","RUIN","action","action","32","ruiner","Détruire partiellement ou totalement une chose","minuscules","non","absents","aucune","singulier ou nom massif","international ou partagé","Action","action","C","Les 32 entrées mêlent verbes, noms d’action, mouvement, souffrance et risque."
"257","PRODUCTION_AGRICOLE","économie","économie","3","production agricole","Production liée à l'agriculture","minuscules","non","présents","aucune","singulier ou nom massif","français","economy","économie","C","PRODUCTION_AGRICOLE est économique, mais RESULTAT et ALIMENTATION ne le sont pas nécessairement."
"258","FOOD_SUPPLY","économie","économie","3","alimentation","Ensemble des aliments disponibles pour une population","minuscules","non","présents","aucune","singulier ou nom massif","français","economy","économie","C","PRODUCTION_AGRICOLE est économique, mais RESULTAT et ALIMENTATION ne le sont pas nécessairement."
"259","CONSEQUENT","qualité","qualité","28","conséquent","Qui découle logiquement d'une cause","minuscules","non","présents","aucune","singulier ou nom massif","français","Qualité","qualité","C","Les 28 adjectifs couvrent accessibilité, durée, intensité, humanité, climat et logique."
"267","RISQUER_VERB","action","action","32","","Être en danger de subir un mal","minuscules","non","absents","aucune","singulier ou nom massif","international ou partagé","Action","action","C","Les 32 entrées mêlent verbes, noms d’action, mouvement, souffrance et risque."
"268","TOTAL_ADJECTIVE","qualité","qualité","28","","Qui couvre toute la quantité","minuscules","non","présents","aucune","singulier ou nom massif","français","Qualité","qualité","C","Les 28 adjectifs couvrent accessibilité, durée, intensité, humanité, climat et logique."
"270","SUBIR_VERB","action","action","32","","Endurer quelque chose de négatif","minuscules","non","absents","aucune","singulier ou nom massif","international ou partagé","Action","action","C","Les 32 entrées mêlent verbes, noms d’action, mouvement, souffrance et risque."
"271","ABSENCE","état","état","1","absence","Manque ou absence de quelque chose","minuscules","non","présents","aucune","singulier ou nom massif","français","","état","D","ABSENCE décrit un état."
"272","EAU","nature","nature","16","eau","Substance liquide essentielle à la vie","minuscules","non","absents","aucune","singulier ou nom massif","français","","nature","C","Glacier, Terre, climat, mer, habitat, faune, flore et déforestation pourraient justifier des sous-domaines."
"273","FAUNE","nature","nature","16","faune","Ensemble des animaux d'une région","minuscules","non","absents","aucune","singulier ou nom massif","français","","nature","C","Glacier, Terre, climat, mer, habitat, faune, flore et déforestation pourraient justifier des sous-domaines."
"274","FLORE","nature","nature","16","flore","Ensemble des plantes d'une région","minuscules","non","absents","aucune","singulier ou nom massif","français","","nature","C","Glacier, Terre, climat, mer, habitat, faune, flore et déforestation pourraient justifier des sous-domaines."
"275","CAUSE_NOM","relation","relation","5","cause","Raison ou motif d'un événement","minuscules","non","absents","aucune","singulier ou nom massif","international ou partagé","","relations logiques","C","SANS, DONC et PAR CONSEQUENT relèvent du discours, mais CAUSE relève aussi de la causalité."
"276","DEVENIR_VERB","changement","changement","6","devenir","Se transformer en quelque chose d'autre","minuscules","non","absents","aucune","singulier ou nom massif","français","Changement","changement","D","Altération, augmentation, variation, devenir, accélération et perte forment un ensemble défendable."
"278","PRODUCTION_NOURRICIERE_NOUN","agriculture","agriculture","1","","Fabrication ou culture d'aliments","minuscules","non","absents","aucune","singulier ou nom massif","international ou partagé","","agriculture","D","PRODUCTION_NOURRICIERE relève de l’agriculture."
"279","ALIMENTATION_NOUN","nourriture","nourriture","2","","Action de se nourrir ou nourriture","minuscules","non","absents","aucune","singulier ou nom massif","français","","nourriture","D","Les deux entrées concernent la nourriture humaine."
"280","HUMAIN","qualité","qualité","28","humain","Relatif à l'être humain","minuscules","non","présents","aucune","singulier ou nom massif","français","Qualité","qualité","C","Les 28 adjectifs couvrent accessibilité, durée, intensité, humanité, climat et logique."
"282","ACCELERER_VERB","changement","changement","6","","augmenter la vitesse ou l'intensité","minuscules","non","absents","aucune","singulier ou nom massif","français","Changement","changement","D","Altération, augmentation, variation, devenir, accélération et perte forment un ensemble défendable."
"285","AGRICOLE","activité","activité","2","agricole","relatif à l'agriculture","minuscules","non","présents","aucune","singulier ou nom massif","français","","activité","C","AGRICOLE est une propriété et PRODUCTION un processus ou résultat."
"286","PRODUCTION","activité","activité","2","production","action de produire ou résultat produit","minuscules","non","présents","aucune","singulier ou nom massif","français","","activité","C","AGRICOLE est une propriété et PRODUCTION un processus ou résultat."
"288","GRAND","qualité","qualité","28","grand","de grande taille ou importance","minuscules","non","présents","aucune","singulier ou nom massif","français","Qualité","qualité","C","Les 28 adjectifs couvrent accessibilité, durée, intensité, humanité, climat et logique."
"289","DANGER","risque","risque","2","danger","risque de mal ou de préjudice","minuscules","non","absents","aucune","singulier ou nom massif","international ou partagé","","risque","D","RISQUE et DANGER forment un groupe cohérent."
"290","PERDRE","changement","changement","6","perdre","cesser d'avoir, égarer","minuscules","non","absents","aucune","singulier ou nom massif","français","Changement","changement","D","Altération, augmentation, variation, devenir, accélération et perte forment un ensemble défendable."
"291","HABITAT_NATUREL","nature","nature","16","habitat naturel","milieu naturel d'un organisme ou d'une espèce","minuscules","non","absents","aucune","singulier ou nom massif","français","","nature","C","Glacier, Terre, climat, mer, habitat, faune, flore et déforestation pourraient justifier des sous-domaines."
"292","D_UNE","Grammaire","Grammaire","8","d'une","article partitif contracté (de + une) exprimant une partie indéfinie","initiale majuscule","non","absents","aucune","singulier ou nom massif","français","grammaire","grammaire","A","Les huit entrées sont grammaticales ; seule la casse change."
"293","DES","Grammaire","Grammaire","8","des","article partitif/pluriel indéfini","initiale majuscule","non","absents","aucune","singulier ou nom massif","français","grammaire","grammaire","A","Les huit entrées sont grammaticales ; seule la casse change."
"294","OBSERVEZ","Action","Action","2","","voir ou remarquer attentivement","initiale majuscule","non","absents","aucune","singulier ou nom massif","français","action","action","A","Même groupe que « action » ; seule la casse change."
"296","PAR","Grammaire","Grammaire","8","par","préposition indiquant le moyen ou la cause","initiale majuscule","non","absents","aucune","singulier ou nom massif","français","grammaire","grammaire","A","Les huit entrées sont grammaticales ; seule la casse change."
"297","LE_ARTICLE","Grammaire","Grammaire","8","le","article défini masculin singulier","initiale majuscule","non","absents","aucune","singulier ou nom massif","français","grammaire","grammaire","A","Les huit entrées sont grammaticales ; seule la casse change."
"298","UNE_ARTICLE","Grammaire","Grammaire","8","une","article indéfini féminin singulier","initiale majuscule","non","absents","aucune","singulier ou nom massif","français","grammaire","grammaire","A","Les huit entrées sont grammaticales ; seule la casse change."
"300","DE_ARTICLE","Grammaire","Grammaire","8","","préposition indiquant la possession ou la matière","initiale majuscule","non","absents","aucune","singulier ou nom massif","français","grammaire","grammaire","A","Les huit entrées sont grammaticales ; seule la casse change."
"301","DANS","Grammaire","Grammaire","8","dans","préposition indiquant un lieu ou un temps","initiale majuscule","non","absents","aucune","singulier ou nom massif","français","grammaire","grammaire","A","Les huit entrées sont grammaticales ; seule la casse change."
"302","AUTRE","Qualité","Qualité","2","autre","quelque chose ou quelqu’un de différent","initiale majuscule","non","présents","aucune","singulier ou nom massif","français","qualité","qualité","A","AUTRE et CONTRAIRE rejoignent le groupe existant ; seule la casse change."
"303","CET","Grammaire","Grammaire","8","ce","pronom démonstratif masculin singulier devant voyelle","initiale majuscule","non","absents","aucune","singulier ou nom massif","français","grammaire","grammaire","A","Les huit entrées sont grammaticales ; seule la casse change."
"304","CONTRAIRE","Qualité","Qualité","2","contraire","opposé, contraire","initiale majuscule","non","présents","aucune","singulier ou nom massif","français","qualité","qualité","A","AUTRE et CONTRAIRE rejoignent le groupe existant ; seule la casse change."
"307","DEVENIR","Changement","Changement","1","","changer d'état ou d'état d'être","initiale majuscule","non","absents","aucune","singulier ou nom massif","français","changement","changement","A","DEVENIR relève du changement ; seule la casse change."
"308","RUINER","Action","Action","2","","détruire, rendre inutilisable","initiale majuscule","non","absents","aucune","singulier ou nom massif","français","action","action","A","Même groupe que « action » ; seule la casse change."
"310","PRONOM_DEFINI_PLURIEL","grammaire/pronom","grammaire/pronom","1","les","pronom défini pluriel, sujet","minuscules","non","absents","barre oblique","non applicable","technique","","grammaire","C","LES est décrit comme pronom ; la cohérence du sous-niveau reste à décider."
"311","PRONOM_DEFINI_MAS_SING","grammaire/déterminant","grammaire/déterminant","1","du","article défini masculin singulier","minuscules","non","présents","barre oblique","non applicable","technique","","grammaire","C","DU est décrit comme article malgré une clé PRONOM ; le sous-niveau reste à décider."
"318","SE_LEVER_VERBE_PRONOMINAL","mouvement","mouvement","3","se lever","S'élever, monter (ex : le niveau, la voix)","minuscules","non","absents","aucune","singulier ou nom massif","français","","mouvement","D","CIRCULER et SE LEVER relèvent du mouvement."
"320","AUTRE_DETERMINANT","grammaire","grammaire","19","","Indique une chose différente ou supplémentaire","minuscules","non","absents","aucune","singulier ou nom massif","français","Grammaire","grammaire","D","Les 19 entrées sont des mots ou fonctions grammaticales."
"321","ETRE_VERBE","grammaire","grammaire","19","","Verbe d'existence ou d'état","minuscules","non","absents","aucune","singulier ou nom massif","français","Grammaire","grammaire","D","Les 19 entrées sont des mots ou fonctions grammaticales."
"323","ALIMENTATION_HUMAINE","nourriture","nourriture","2","alimentation humaine","Nourriture destinée aux humains","minuscules","non","absents","aucune","singulier ou nom massif","français","","nourriture","D","Les deux entrées concernent la nourriture humaine."
"325","HABITAT","nature","nature","16","habitat","Lieu où vit un organisme vivant","minuscules","non","absents","aucune","singulier ou nom massif","français","","nature","C","Glacier, Terre, climat, mer, habitat, faune, flore et déforestation pourraient justifier des sous-domaines."
"326","NATUREL","description","description","5","naturel","Qui appartient ou provient de la nature","minuscules","non","absents","aucune","singulier ou nom massif","international ou partagé","","description","C","Large, long, sensible et naturel n’ont pas de domaine thématique commun."
"327","DEFORESTATION","nature","nature","16","déforestation","Destruction des forêts","minuscules","non","absents","aucune","singulier ou nom massif","français","","nature","C","Glacier, Terre, climat, mer, habitat, faune, flore et déforestation pourraient justifier des sous-domaines."
"328","INCENDIE","ENVIRONMENT_FIRE","ENVIRONMENT_FIRE","1","incendie","Feu de grande ampleur dans la nature ou en milieu bâti","majuscules","non","absents","underscore","non applicable","technique","","environnement : incendies","C","INCENDIE peut relever de l’environnement, des risques ou des incendies."
"329","ETRE","VERB_TO_BE","VERB_TO_BE","1","","Verbe servant à exprimer l'existence ou l'état","majuscules","non","absents","underscore","non applicable","technique","","grammaire","C","ETRE peut relever de la grammaire, de l’existence ou des verbes auxiliaires."
"330","ALIMENTATION","FOOD_NUTRITION","FOOD_NUTRITION","1","","Action de se nourrir ou système de nourriture","majuscules","non","absents","underscore","non applicable","technique","food | nourriture","alimentation","B","L’unique entrée ALIMENTATION correspond directement."
"331","BIODIVERSITE","ENVIRONMENT_BIODIVERSITY","ENVIRONMENT_BIODIVERSITY","1","biodiversité","Diversité des formes de vie dans un milieu","majuscules","non","absents","underscore","non applicable","technique","","environnement : biodiversité","C","BIODIVERSITE relève de l’environnement et de la biodiversité ; le format hiérarchique reste à décider."
"332","TERRESTRE","GEOGRAPHY","GEOGRAPHY","1","terrestre","Relatif à la terre, au sol","majuscules","non","absents","aucune","non applicable","technique","géographie","géographie","A","TERRESTRE relève bien de la géographie."

