"famille","classes","ids","cles","formes","gloses","dependances","risque","decision_proposee","question_a_david"
"university","F","95","UNIVERSIDAD_NOUN_UNIVERSITY","UNIVERSIDAD_NOUN_UNIVERSITY=[]","UNIVERSIDAD_NOUN_UNIVERSITY:FR=établissement d'enseignement supérieur;EN=higher education institution","UNIVERSIDAD_NOUN_UNIVERSITY:{""forms"":0,""inflected_forms"":0,""outgoing_relations"":0,""incoming_relations"":0,""ic_features"":0,""connector_helps"":0,""indirect_pattern_rules"":0}","preuve insuffisante ou survivant ambigu","arbitrage humain avant toute fusion ou suppression","Quelle entrée doit survivre, et quels contenus doivent rester distincts dans la famille university ?"
"student","F","51","STUDENT","STUDENT=[en:student/noun;es:estudiante/noun;fr:étudiant/noun;it:studente/noun;pt:estudante/noun]","STUDENT:FR=Personne qui étudie;EN=Person who studies","STUDENT:{""forms"":5,""inflected_forms"":1,""outgoing_relations"":0,""incoming_relations"":0,""ic_features"":0,""connector_helps"":0,""indirect_pattern_rules"":1}","preuve insuffisante ou survivant ambigu","arbitrage humain avant toute fusion ou suppression","Quelle entrée doit survivre, et quels contenus doivent rester distincts dans la famille student ?"
"observer","C+F","52|98|181|213|294","OBSERVE|OBSERVAR_VERB_TO_OBSERVE|OBSERVER|OBSERVER_VERB|OBSERVEZ","OBSERVE=[en:observe/verb;es:observar/verb;fr:observer/verb;it:osservare/verb;pt:observar/verb] | OBSERVAR_VERB_TO_OBSERVE=[] | OBSERVER=[en:to observe/verb] | OBSERVER_VERB=[] | OBSERVEZ=[]","OBSERVE:FR=Regarder attentivement;EN=To watch carefully | OBSERVAR_VERB_TO_OBSERVE:FR=regarder attentivement;EN=to watch carefully | OBSERVER:FR=regarder pour étudier;EN=to watch in order to study | OBSERVER_VERB:FR=regarder attentivement pour noter;EN=to watch carefully to note | OBSERVEZ:FR=voir ou remarquer attentivement;EN=to watch or notice carefully","OBSERVE:{""forms"":5,""inflected_forms"":0,""outgoing_relations"":0,""incoming_relations"":0,""ic_features"":0,""connector_helps"":0,""indirect_pattern_rules"":1} | OBSERVAR_VERB_TO_OBSERVE:{""forms"":0,""inflected_forms"":0,""outgoing_relations"":0,""incoming_relations"":0,""ic_features"":0,""connector_helps"":0,""indirect_pattern_rules"":0} | OBSERVER:{""forms"":1,""inflected_forms"":0,""outgoing_relations"":0,""incoming_relations"":0,""ic_features"":0,""connector_helps"":0,""indirect_pattern_rules"":0} | OBSERVER_VERB:{""forms"":0,""inflected_forms"":0,""outgoing_relations"":0,""incoming_relations"":0,""ic_features"":0,""connector_helps"":0,""indirect_pattern_rules"":0} | OBSERVEZ:{""forms"":0,""inflected_forms"":0,""outgoing_relations"":0,""incoming_relations"":0,""ic_features"":0,""connector_helps"":0,""indirect_pattern_rules"":0}","déplacement ou déduplication de contenu requis","arbitrage humain avant toute fusion ou suppression","Quelle entrée doit survivre, et quels contenus doivent rester distincts dans la famille observer ?"
"imaginer","C","56|106","IMAGINE|IMAGINAR_VERB_TO_IMAGINE","IMAGINE=[en:imagine/verb;es:imaginar/verb;fr:imaginer/verb;it:immaginare/verb;pt:imaginar/verb] | IMAGINAR_VERB_TO_IMAGINE=[es:imaginaban/verb]","IMAGINE:FR=Se représenter mentalement;EN=To form a mental image | IMAGINAR_VERB_TO_IMAGINE:FR=se former une image mentale;EN=to form a mental image","IMAGINE:{""forms"":5,""inflected_forms"":0,""outgoing_relations"":0,""incoming_relations"":0,""ic_features"":0,""connector_helps"":0,""indirect_pattern_rules"":1} | IMAGINAR_VERB_TO_IMAGINE:{""forms"":1,""inflected_forms"":0,""outgoing_relations"":0,""incoming_relations"":0,""ic_features"":0,""connector_helps"":0,""indirect_pattern_rules"":1}","déplacement ou déduplication de contenu requis","arbitrage humain avant toute fusion ou suppression","Quelle entrée doit survivre, et quels contenus doivent rester distincts dans la famille imaginer ?"
"circuler","C","57|107","CIRCULATE|CIRCULAR_VERB_TO_CIRCULATE","CIRCULATE=[en:circulate/verb;es:circular/verb;fr:circuler/verb;it:circolare/verb;pt:circular/verb] | CIRCULAR_VERB_TO_CIRCULATE=[es:circula/verb]","CIRCULATE:FR=Se déplacer autour ou parmi;EN=To move around or among | CIRCULAR_VERB_TO_CIRCULATE:FR=se déplacer en cercle ou se répandre;EN=to move in circle or spread","CIRCULATE:{""forms"":5,""inflected_forms"":0,""outgoing_relations"":0,""incoming_relations"":0,""ic_features"":0,""connector_helps"":0,""indirect_pattern_rules"":1} | CIRCULAR_VERB_TO_CIRCULATE:{""forms"":1,""inflected_forms"":0,""outgoing_relations"":0,""incoming_relations"":0,""ic_features"":0,""connector_helps"":0,""indirect_pattern_rules"":1}","déplacement ou déduplication de contenu requis","arbitrage humain avant toute fusion ou suppression","Quelle entrée doit survivre, et quels contenus doivent rester distincts dans la famille circuler ?"
"exister","C","59|109","EXIST|EXISTIR_VERB_TO_EXIST","EXIST=[en:exist/verb;es:existir/verb;fr:exister/verb;it:esistere/verb;pt:existir/verb] | EXISTIR_VERB_TO_EXIST=[es:existe/verb]","EXIST:FR=Être réel ou présent;EN=To be real or present | EXISTIR_VERB_TO_EXIST:FR=avoir une réalité, être présent;EN=to have reality, to be present","EXIST:{""forms"":5,""inflected_forms"":0,""outgoing_relations"":0,""incoming_relations"":0,""ic_features"":0,""connector_helps"":0,""indirect_pattern_rules"":1} | EXISTIR_VERB_TO_EXIST:{""forms"":1,""inflected_forms"":0,""outgoing_relations"":0,""incoming_relations"":0,""ic_features"":0,""connector_helps"":0,""indirect_pattern_rules"":1}","déplacement ou déduplication de contenu requis","arbitrage humain avant toute fusion ou suppression","Quelle entrée doit survivre, et quels contenus doivent rester distincts dans la famille exister ?"
"permettre","C","85|122","ALLOW|PERMITIR_VERB_TO_ALLOW","ALLOW=[en:allow/verb;es:permitir/verb;fr:permettre/verb;it:permettere/verb;pt:permitir/verb] | PERMITIR_VERB_TO_ALLOW=[es:permite/verb]","ALLOW:FR=Permettre;EN=To permit | PERMITIR_VERB_TO_ALLOW:FR=donner la permission ou rendre possible;EN=to give permission or make possible","ALLOW:{""forms"":5,""inflected_forms"":0,""outgoing_relations"":0,""incoming_relations"":0,""ic_features"":0,""connector_helps"":0,""indirect_pattern_rules"":1} | PERMITIR_VERB_TO_ALLOW:{""forms"":1,""inflected_forms"":0,""outgoing_relations"":0,""incoming_relations"":0,""ic_features"":0,""connector_helps"":0,""indirect_pattern_rules"":1}","déplacement ou déduplication de contenu requis","arbitrage humain avant toute fusion ou suppression","Quelle entrée doit survivre, et quels contenus doivent rester distincts dans la famille permettre ?"
"signal_mucho_adjective_determiner_much_many","F","96","MUCHO_ADJECTIVE_DETERMINER_MUCH_MANY","MUCHO_ADJECTIVE_DETERMINER_MUCH_MANY=[en:many/adjective;es:muchos/adjective;fr:beaucoup de/adjective;it:molti/adjective;pt:muitos/adjective]","MUCHO_ADJECTIVE_DETERMINER_MUCH_MANY:FR=quantificateur exprimant une grande quantité;EN=quantifier expressing large amount or many","MUCHO_ADJECTIVE_DETERMINER_MUCH_MANY:{""forms"":5,""inflected_forms"":0,""outgoing_relations"":0,""incoming_relations"":0,""ic_features"":0,""connector_helps"":0,""indirect_pattern_rules"":1}","preuve insuffisante ou survivant ambigu","arbitrage humain avant toute fusion ou suppression","Quelle entrée doit survivre, et quels contenus doivent rester distincts dans la famille signal_mucho_adjective_determiner_much_many ?"
"article_indefini","C","110|298","UNO_DETERMINER_INDEFINITE_ONE_A|UNE_ARTICLE","UNO_DETERMINER_INDEFINITE_ONE_A=[en:a/adjective;es:una/adjective;fr:un/adjective;it:una/adjective;pt:uma/adjective] | UNE_ARTICLE=[en:a/adverb;es:una/adverb;fr:une/adverb;it:una/adverb;pt:uma/adverb]","UNO_DETERMINER_INDEFINITE_ONE_A:FR=article indéfini singulier masculin ou pronom;EN=singular indefinite article or pronoun | UNE_ARTICLE:FR=article indéfini féminin singulier;EN=indefinite article feminine singular","UNO_DETERMINER_INDEFINITE_ONE_A:{""forms"":5,""inflected_forms"":0,""outgoing_relations"":0,""incoming_relations"":0,""ic_features"":0,""connector_helps"":0,""indirect_pattern_rules"":1} | UNE_ARTICLE:{""forms"":5,""inflected_forms"":0,""outgoing_relations"":0,""incoming_relations"":0,""ic_features"":0,""connector_helps"":0,""indirect_pattern_rules"":1}","déplacement ou déduplication de contenu requis","arbitrage humain avant toute fusion ou suppression","Quelle entrée doit survivre, et quels contenus doivent rester distincts dans la famille article_indefini ?"
"demonstratif","C+D","112|303","ESTE_DEMONSTRATIVE_THIS|CET","ESTE_DEMONSTRATIVE_THIS=[en:this/adjective;es:esta/adjective;fr:ce/cette/adjective;it:questo/adjective;pt:este/adjective] | CET=[en:this/adverb;es:este/adverb;fr:ce/adverb;it:questo/adverb;pt:este/adverb]","ESTE_DEMONSTRATIVE_THIS:FR=déterminant démonstratif masculin singulier;EN=demonstrative determiner masculine singular | CET:FR=pronom démonstratif masculin singulier devant voyelle;EN=demonstrative pronoun masculine singular before vowel","ESTE_DEMONSTRATIVE_THIS:{""forms"":5,""inflected_forms"":0,""outgoing_relations"":0,""incoming_relations"":0,""ic_features"":0,""connector_helps"":0,""indirect_pattern_rules"":1} | CET:{""forms"":5,""inflected_forms"":0,""outgoing_relations"":0,""incoming_relations"":0,""ic_features"":0,""connector_helps"":0,""indirect_pattern_rules"":1}","déplacement ou déduplication de contenu requis","arbitrage humain avant toute fusion ou suppression","Quelle entrée doit survivre, et quels contenus doivent rester distincts dans la famille demonstratif ?"
"article_defini_masculin","C","113|297|311","EL_DEFINITE_ARTICLE_MASCULINE|LE_ARTICLE|PRONOM_DEFINI_MAS_SING","EL_DEFINITE_ARTICLE_MASCULINE=[es:el/adjective;fr:le/adjective;it:il/adjective] | LE_ARTICLE=[en:the/adverb;es:el/adverb;fr:le/adverb;it:il/adverb;pt:o/adverb] | PRONOM_DEFINI_MAS_SING=[en:of the/adverb;es:del/adverb;fr:du/adverb;it:del/adverb;pt:do/adverb]","EL_DEFINITE_ARTICLE_MASCULINE:FR=article défini masculin singulier;EN=definite article masculine singular | LE_ARTICLE:FR=article défini masculin singulier;EN=definite article masculine singular | PRONOM_DEFINI_MAS_SING:FR=article défini masculin singulier;EN=definite article masculine singular","EL_DEFINITE_ARTICLE_MASCULINE:{""forms"":3,""inflected_forms"":0,""outgoing_relations"":0,""incoming_relations"":0,""ic_features"":0,""connector_helps"":0,""indirect_pattern_rules"":1} | LE_ARTICLE:{""forms"":5,""inflected_forms"":0,""outgoing_relations"":0,""incoming_relations"":0,""ic_features"":0,""connector_helps"":0,""indirect_pattern_rules"":1} | PRONOM_DEFINI_MAS_SING:{""forms"":5,""inflected_forms"":0,""outgoing_relations"":0,""incoming_relations"":0,""ic_features"":0,""connector_helps"":0,""indirect_pattern_rules"":1}","déplacement ou déduplication de contenu requis","arbitrage humain avant toute fusion ou suppression","Quelle entrée doit survivre, et quels contenus doivent rester distincts dans la famille article_defini_masculin ?"
"etre","C+F","115|132|321|329","SER_VERB_TO_BE|SER|ETRE_VERBE|ETRE","SER_VERB_TO_BE=[en:be/verb;es:es/verb;fr:être/verb;it:essere/verb;pt:ser/verb] | SER=[es:ser/verb] | ETRE_VERBE=[en:to be/verb] | ETRE=[]","SER_VERB_TO_BE:FR=verbe d'état 'être';EN=verb expressing state 'to be' | SER:FR=exister ou avoir une certaine qualité;EN=to be, exist or have a quality | ETRE_VERBE:FR=Verbe d'existence ou d'état;EN=Verb of existence or state | ETRE:FR=Verbe servant à exprimer l'existence ou l'état;EN=Verb to express existence or state","SER_VERB_TO_BE:{""forms"":5,""inflected_forms"":0,""outgoing_relations"":0,""incoming_relations"":0,""ic_features"":0,""connector_helps"":0,""indirect_pattern_rules"":1} | SER:{""forms"":1,""inflected_forms"":0,""outgoing_relations"":0,""incoming_relations"":0,""ic_features"":0,""connector_helps"":0,""indirect_pattern_rules"":1} | ETRE_VERBE:{""forms"":1,""inflected_forms"":0,""outgoing_relations"":0,""incoming_relations"":0,""ic_features"":0,""connector_helps"":0,""indirect_pattern_rules"":0} | ETRE:{""forms"":0,""inflected_forms"":0,""outgoing_relations"":0,""incoming_relations"":0,""ic_features"":0,""connector_helps"":0,""indirect_pattern_rules"":0}","déplacement ou déduplication de contenu requis","arbitrage humain avant toute fusion ou suppression","Quelle entrée doit survivre, et quels contenus doivent rester distincts dans la famille etre ?"
"travailler","F","129","TRABAJAR","TRABAJAR=[en:work/verb;es:trabajar/verb;fr:travailler/verb;it:lavorare/verb;pt:trabalhar/verb]","TRABAJAR:FR=exercer une activité professionnelle ou produire un effort;EN=to perform work; to exert effort","TRABAJAR:{""forms"":5,""inflected_forms"":0,""outgoing_relations"":0,""incoming_relations"":0,""ic_features"":0,""connector_helps"":0,""indirect_pattern_rules"":1}","preuve insuffisante ou survivant ambigu","arbitrage humain avant toute fusion ou suppression","Quelle entrée doit survivre, et quels contenus doivent rester distincts dans la famille travailler ?"
"beaucoup","F","130","MUCHO","MUCHO=[en:much/adverb;es:mucho/adverb;fr:beaucoup/adverb;it:molto/adverb;pt:muito/adverb]","MUCHO:FR=en grande quantité ou intensité;EN=in great quantity or intensity","MUCHO:{""forms"":5,""inflected_forms"":0,""outgoing_relations"":0,""incoming_relations"":0,""ic_features"":0,""connector_helps"":0,""indirect_pattern_rules"":1}","preuve insuffisante ou survivant ambigu","arbitrage humain avant toute fusion ou suppression","Quelle entrée doit survivre, et quels contenus doivent rester distincts dans la famille beaucoup ?"
"cependant","F","131","SIN_EMBARGO","SIN_EMBARGO=[en:however/adverb;es:sin embargo/adverb;fr:cependant/adverb;it:tuttavia/adverb;pt:entretanto/adverb]","SIN_EMBARGO:FR=indique une opposition ou une restriction;EN=indicates opposition or restriction","SIN_EMBARGO:{""forms"":5,""inflected_forms"":0,""outgoing_relations"":0,""incoming_relations"":0,""ic_features"":0,""connector_helps"":0,""indirect_pattern_rules"":1}","preuve insuffisante ou survivant ambigu","arbitrage humain avant toute fusion ou suppression","Quelle entrée doit survivre, et quels contenus doivent rester distincts dans la famille cependant ?"
"abandonner","F","134","ABANDONAR","ABANDONAR=[en:abandon/verb;es:abandonar/verb;fr:abandonner/verb;it:abbandonare/verb;pt:abandonar/verb]","ABANDONAR:FR=quitter ou renoncer à quelque chose;EN=to leave or give up something","ABANDONAR:{""forms"":5,""inflected_forms"":0,""outgoing_relations"":0,""incoming_relations"":0,""ic_features"":0,""connector_helps"":0,""indirect_pattern_rules"":1}","preuve insuffisante ou survivant ambigu","arbitrage humain avant toute fusion ou suppression","Quelle entrée doit survivre, et quels contenus doivent rester distincts dans la famille abandonner ?"
"projet","F","135","PROYECTO","PROYECTO=[en:project/noun;es:proyecto/noun;fr:projet/noun;it:progetto/noun;pt:projeto/noun]","PROYECTO:FR=plan ou programme pour réaliser quelque chose;EN=plan or program to achieve something","PROYECTO:{""forms"":5,""inflected_forms"":1,""outgoing_relations"":0,""incoming_relations"":0,""ic_features"":0,""connector_helps"":0,""indirect_pattern_rules"":1}","preuve insuffisante ou survivant ambigu","arbitrage humain avant toute fusion ou suppression","Quelle entrée doit survivre, et quels contenus doivent rester distincts dans la famille projet ?"
"consequence","C","136|152|192","POR_TANTO|DONC|PAR_CONSEQUENT","POR_TANTO=[en:therefore/adverb;es:por tanto/adverb;fr:par conséquent/adverb;it:pertanto/adverb;pt:portanto/adverb] | DONC=[fr:donc/adverb;it:quindi/adverb] | PAR_CONSEQUENT=[es:por consiguiente/adverb]","POR_TANTO:FR=indique une conséquence;EN=indicates a consequence | DONC:FR=conclusion ou conséquence;EN=therefore, so | PAR_CONSEQUENT:FR=indique une conséquence;EN=therefore, consequently","POR_TANTO:{""forms"":5,""inflected_forms"":0,""outgoing_relations"":0,""incoming_relations"":0,""ic_features"":0,""connector_helps"":0,""indirect_pattern_rules"":1} | DONC:{""forms"":2,""inflected_forms"":0,""outgoing_relations"":0,""incoming_relations"":0,""ic_features"":0,""connector_helps"":0,""indirect_pattern_rules"":1} | PAR_CONSEQUENT:{""forms"":1,""inflected_forms"":0,""outgoing_relations"":0,""incoming_relations"":0,""ic_features"":0,""connector_helps"":0,""indirect_pattern_rules"":1}","déplacement ou déduplication de contenu requis","arbitrage humain avant toute fusion ou suppression","Quelle entrée doit survivre, et quels contenus doivent rester distincts dans la famille consequence ?"
"adapter","F","138","ADAPTAR","ADAPTAR=[en:adapt/verb;es:adaptar/verb;fr:adapter/verb;it:adattare/verb;pt:adaptar/verb]","ADAPTAR:FR=ajuster pour convenir à un nouvel usage ou condition;EN=to adjust to suit a new use or condition","ADAPTAR:{""forms"":5,""inflected_forms"":0,""outgoing_relations"":0,""incoming_relations"":0,""ic_features"":0,""connector_helps"":0,""indirect_pattern_rules"":1}","preuve insuffisante ou survivant ambigu","arbitrage humain avant toute fusion ou suppression","Quelle entrée doit survivre, et quels contenus doivent rester distincts dans la famille adapter ?"
"continuer_verbe","F","139|281","CONTINUAR|CONTINUER_VERB","CONTINUAR=[en:continue/verb;es:continuar/verb;fr:continuer/verb;it:continuare/verb;pt:continuar/verb] | CONTINUER_VERB=[]","CONTINUAR:FR=poursuivre une action ou un état;EN=to continue an action or state | CONTINUER_VERB:FR=poursuivre une action sans interruption;EN=to continue without interruption","CONTINUAR:{""forms"":5,""inflected_forms"":0,""outgoing_relations"":0,""incoming_relations"":0,""ic_features"":0,""connector_helps"":0,""indirect_pattern_rules"":1} | CONTINUER_VERB:{""forms"":0,""inflected_forms"":0,""outgoing_relations"":0,""incoming_relations"":0,""ic_features"":0,""connector_helps"":0,""indirect_pattern_rules"":0}","preuve insuffisante ou survivant ambigu","arbitrage humain avant toute fusion ou suppression","Quelle entrée doit survivre, et quels contenus doivent rester distincts dans la famille continuer_verbe ?"
"parce_que","F","140","PORQUE","PORQUE=[en:because/adverb;es:porque/adverb;fr:parce que/adverb;it:perché/adverb;pt:porque/adverb]","PORQUE:FR=indique une cause ou une raison;EN=indicates cause or reason","PORQUE:{""forms"":5,""inflected_forms"":0,""outgoing_relations"":0,""incoming_relations"":0,""ic_features"":0,""connector_helps"":0,""indirect_pattern_rules"":1}","preuve insuffisante ou survivant ambigu","arbitrage humain avant toute fusion ou suppression","Quelle entrée doit survivre, et quels contenus doivent rester distincts dans la famille parce_que ?"
"trouver","F","141","ENCONTRAR","ENCONTRAR=[en:find/verb;es:encontrar/verb;fr:trouver/verb;it:trovare/verb;pt:encontrar/verb]","ENCONTRAR:FR=découvrir ou localiser quelque chose ou quelqu’un;EN=to find or locate something or someone","ENCONTRAR:{""forms"":5,""inflected_forms"":0,""outgoing_relations"":0,""incoming_relations"":0,""ic_features"":0,""connector_helps"":0,""indirect_pattern_rules"":1}","preuve insuffisante ou survivant ambigu","arbitrage humain avant toute fusion ou suppression","Quelle entrée doit survivre, et quels contenus doivent rester distincts dans la famille trouver ?"
"souffrir","C","204","SOUFFRIR_VERB","SOUFFRIR_VERB=[en:suffer/verb]","SOUFFRIR_VERB:FR=ressentir une douleur ou une détresse;EN=to feel pain or distress","SOUFFRIR_VERB:{""forms"":1,""inflected_forms"":0,""outgoing_relations"":0,""incoming_relations"":0,""ic_features"":0,""connector_helps"":0,""indirect_pattern_rules"":0}","déplacement ou déduplication de contenu requis","arbitrage humain avant toute fusion ou suppression","Quelle entrée doit survivre, et quels contenus doivent rester distincts dans la famille souffrir ?"
"global","F","169","GLOBALE","GLOBALE=[en:global/adjective;es:global/adjective;fr:global/adjective;it:globale/adjective;pt:global/adjective]","GLOBALE:FR=qui concerne l’ensemble;EN=concerning the whole","GLOBALE:{""forms"":5,""inflected_forms"":0,""outgoing_relations"":0,""incoming_relations"":0,""ic_features"":0,""connector_helps"":0,""indirect_pattern_rules"":1}","preuve insuffisante ou survivant ambigu","arbitrage humain avant toute fusion ou suppression","Quelle entrée doit survivre, et quels contenus doivent rester distincts dans la famille global ?"
"augmenter","C+D","173|207","AUGMENTATION|AUGMENTER_VERB","AUGMENTATION=[en:increase/noun;es:aumento/noun;fr:augmentation/noun;it:aumento/noun;pt:aumento/noun] | AUGMENTER_VERB=[en:increase/verb]","AUGMENTATION:FR=action d’augmenter;EN=act of increasing | AUGMENTER_VERB:FR=devenir plus grand ou plus nombreux;EN=to become larger or more numerous","AUGMENTATION:{""forms"":5,""inflected_forms"":0,""outgoing_relations"":0,""incoming_relations"":0,""ic_features"":0,""connector_helps"":0,""indirect_pattern_rules"":1} | AUGMENTER_VERB:{""forms"":1,""inflected_forms"":0,""outgoing_relations"":0,""incoming_relations"":0,""ic_features"":0,""connector_helps"":0,""indirect_pattern_rules"":0}","déplacement ou déduplication de contenu requis","arbitrage humain avant toute fusion ou suppression","Quelle entrée doit survivre, et quels contenus doivent rester distincts dans la famille augmenter ?"
"constant","F","171","CONSTANT","CONSTANT=[en:constant/adjective;es:constante/adjective;fr:constant/adjective;it:costante/adjective;pt:constante/adjective]","CONSTANT:FR=qui ne change pas;EN=unchanging","CONSTANT:{""forms"":5,""inflected_forms"":0,""outgoing_relations"":0,""incoming_relations"":0,""ic_features"":0,""connector_helps"":0,""indirect_pattern_rules"":1}","preuve insuffisante ou survivant ambigu","arbitrage humain avant toute fusion ou suppression","Quelle entrée doit survivre, et quels contenus doivent rester distincts dans la famille constant ?"
"produire","C+F","175|210|257|258|278|279|323|330","PRODUIRE|PRODUIRE_VERB|AGRICULTURAL_PRODUCTION|FOOD_SUPPLY|PRODUCTION_NOURRICIERE_NOUN|ALIMENTATION_NOUN|ALIMENTATION_HUMAINE|ALIMENTATION","PRODUIRE=[en:to produce/verb;es:producir/verb;fr:produire/verb;it:produrre/verb;pt:produzir/verb] | PRODUIRE_VERB=[en:produce/verb] | AGRICULTURAL_PRODUCTION=[en:agricultural production/noun;es:producción agrícola/noun;fr:production agricole/noun;it:produzione agricola/noun;pt:produção agrícola/noun] | FOOD_SUPPLY=[en:food supply/noun;es:alimentación/noun;fr:alimentation/noun;it:alimentazione/noun;pt:alimentação/noun] | PRODUCTION_NOURRICIERE_NOUN=[] | ALIMENTATION_NOUN=[en:food/noun] | ALIMENTATION_HUMAINE=[en:human food/noun;es:alimentación humana/noun;fr:alimentation humaine/noun;it:alimentazione umana/noun;pt:alimentação humana/noun] | ALIMENTATION=[en:feeding/noun]","PRODUIRE:FR=faire apparaître, engendrer;EN=to cause to appear, to generate | PRODUIRE_VERB:FR=faire apparaître, créer ou fabriquer;EN=to make, create or manufacture | AGRICULTURAL_PRODUCTION:FR=Production liée à l'agriculture;EN=Production related to agriculture | FOOD_SUPPLY:FR=Ensemble des aliments disponibles pour une population;EN=Set of foods available for a population | PRODUCTION_NOURRICIERE_NOUN:FR=Fabrication ou culture d'aliments;EN=Production or cultivation of food | ALIMENTATION_NOUN:FR=Action de se nourrir ou nourriture;EN=Act of feeding or food | ALIMENTATION_HUMAINE:FR=Nourriture destinée aux humains;EN=Food intended for humans | ALIMENTATION:FR=Action de se nourrir ou système de nourriture;EN=Act or system of feeding or nutrition","PRODUIRE:{""forms"":5,""inflected_forms"":0,""outgoing_relations"":0,""incoming_relations"":0,""ic_features"":0,""connector_helps"":0,""indirect_pattern_rules"":1} | PRODUIRE_VERB:{""forms"":1,""inflected_forms"":0,""outgoing_relations"":0,""incoming_relations"":0,""ic_features"":0,""connector_helps"":0,""indirect_pattern_rules"":0} | AGRICULTURAL_PRODUCTION:{""forms"":5,""inflected_forms"":0,""outgoing_relations"":0,""incoming_relations"":0,""ic_features"":0,""connector_helps"":0,""indirect_pattern_rules"":1} | FOOD_SUPPLY:{""forms"":5,""inflected_forms"":0,""outgoing_relations"":0,""incoming_relations"":0,""ic_features"":0,""connector_helps"":0,""indirect_pattern_rules"":1} | PRODUCTION_NOURRICIERE_NOUN:{""forms"":0,""inflected_forms"":0,""outgoing_relations"":0,""incoming_relations"":0,""ic_features"":0,""connector_helps"":0,""indirect_pattern_rules"":0} | ALIMENTATION_NOUN:{""forms"":1,""inflected_forms"":0,""outgoing_relations"":0,""incoming_relations"":0,""ic_features"":0,""connector_helps"":0,""indirect_pattern_rules"":0} | ALIMENTATION_HUMAINE:{""forms"":5,""inflected_forms"":0,""outgoing_relations"":0,""incoming_relations"":0,""ic_features"":0,""connector_helps"":0,""indirect_pattern_rules"":1} | ALIMENTATION:{""forms"":1,""inflected_forms"":0,""outgoing_relations"":0,""incoming_relations"":0,""ic_features"":0,""connector_helps"":0,""indirect_pattern_rules"":0}","déplacement ou déduplication de contenu requis","arbitrage humain avant toute fusion ou suppression","Quelle entrée doit survivre, et quels contenus doivent rester distincts dans la famille produire ?"
"humanite","F","177","HUMANITE","HUMANITE=[en:humanity/noun;es:humanidad/noun;fr:humanité/noun;it:umanità/noun;pt:humanidade/noun]","HUMANITE:FR=ensemble des humains;EN=all humans collectively","HUMANITE:{""forms"":5,""inflected_forms"":0,""outgoing_relations"":0,""incoming_relations"":0,""ic_features"":0,""connector_helps"":0,""indirect_pattern_rules"":1}","preuve insuffisante ou survivant ambigu","arbitrage humain avant toute fusion ou suppression","Quelle entrée doit survivre, et quels contenus doivent rester distincts dans la famille humanite ?"
"entier_total","D","178|225|268","ENTIER|TOTAL|TOTAL_ADJECTIVE","ENTIER=[en:entire/adjective;es:entero/adjective;fr:entier/adjective;it:intero/adjective;pt:inteiro/adjective] | TOTAL=[es:total/adjective;fr:total/adjective;it:totale/adjective;pt:total/adjective] | TOTAL_ADJECTIVE=[en:total/adjective]","ENTIER:FR=tout complet, total;EN=entire, whole | TOTAL:FR=complet, entier;EN=complete, total | TOTAL_ADJECTIVE:FR=Qui couvre toute la quantité;EN=Covering the entire quantity","ENTIER:{""forms"":5,""inflected_forms"":0,""outgoing_relations"":0,""incoming_relations"":0,""ic_features"":0,""connector_helps"":0,""indirect_pattern_rules"":1} | TOTAL:{""forms"":4,""inflected_forms"":0,""outgoing_relations"":0,""incoming_relations"":0,""ic_features"":0,""connector_helps"":0,""indirect_pattern_rules"":1} | TOTAL_ADJECTIVE:{""forms"":1,""inflected_forms"":0,""outgoing_relations"":0,""incoming_relations"":0,""ic_features"":0,""connector_helps"":0,""indirect_pattern_rules"":0}","proximité lexicale mais distinction sémantique/POS probable","maintenir distinct en attente d'une règle de nommage","Quelle entrée doit survivre, et quels contenus doivent rester distincts dans la famille entier_total ?"
"acceleration","C+D","183|214|282","ACCELERER|ACCELERE_ADJ|ACCELERER_VERB","ACCELERER=[en:to accelerate/verb;es:acelerar/verb;fr:accélérer/verb;it:accelerare/verb;pt:acelerar/verb] | ACCELERE_ADJ=[en:accelerated/adjective;es:acelerado/adjective;fr:accéléré/adjective;it:accelerato/adjective;pt:acelerado/adjective] | ACCELERER_VERB=[en:accelerate/verb]","ACCELERER:FR=augmenter la vitesse;EN=to increase speed | ACCELERE_ADJ:FR=qui s'accélère, devient plus rapide;EN=that accelerates, becomes faster | ACCELERER_VERB:FR=augmenter la vitesse ou l'intensité;EN=to increase speed or intensity","ACCELERER:{""forms"":5,""inflected_forms"":0,""outgoing_relations"":0,""incoming_relations"":0,""ic_features"":0,""connector_helps"":0,""indirect_pattern_rules"":1} | ACCELERE_ADJ:{""forms"":5,""inflected_forms"":0,""outgoing_relations"":0,""incoming_relations"":0,""ic_features"":0,""connector_helps"":0,""indirect_pattern_rules"":1} | ACCELERER_VERB:{""forms"":1,""inflected_forms"":0,""outgoing_relations"":0,""incoming_relations"":0,""ic_features"":0,""connector_helps"":0,""indirect_pattern_rules"":0}","déplacement ou déduplication de contenu requis","arbitrage humain avant toute fusion ou suppression","Quelle entrée doit survivre, et quels contenus doivent rester distincts dans la famille acceleration ?"
"desastreux","F","184","DESASTREUX","DESASTREUX=[en:disastrous/adjective;es:desastroso/adjective;fr:désastreux/adjective;it:disastroso/adjective;pt:desastroso/adjective]","DESASTREUX:FR=qui cause un désastre;EN=disastrous","DESASTREUX:{""forms"":5,""inflected_forms"":1,""outgoing_relations"":0,""incoming_relations"":0,""ic_features"":0,""connector_helps"":0,""indirect_pattern_rules"":1}","preuve insuffisante ou survivant ambigu","arbitrage humain avant toute fusion ou suppression","Quelle entrée doit survivre, et quels contenus doivent rester distincts dans la famille desastreux ?"
"cotier","F","188","COTIER","COTIER=[en:coastal/adjective;es:costero/adjective;fr:côtier/adjective;it:costiero/adjective;pt:costeiro/adjective]","COTIER:FR=relatif à la côte;EN=coastal","COTIER:{""forms"":5,""inflected_forms"":1,""outgoing_relations"":0,""incoming_relations"":0,""ic_features"":0,""connector_helps"":0,""indirect_pattern_rules"":1}","preuve insuffisante ou survivant ambigu","arbitrage humain avant toute fusion ou suppression","Quelle entrée doit survivre, et quels contenus doivent rester distincts dans la famille cotier ?"
"continu_adjectif","F","191","CONTINU","CONTINU=[en:continuous/adjective;es:continuo/adjective;fr:continu/adjective;it:continuo/adjective;pt:contínuo/adjective]","CONTINU:FR=qui ne s'interrompt pas;EN=continuous","CONTINU:{""forms"":5,""inflected_forms"":0,""outgoing_relations"":0,""incoming_relations"":0,""ic_features"":0,""connector_helps"":0,""indirect_pattern_rules"":1}","preuve insuffisante ou survivant ambigu","arbitrage humain avant toute fusion ou suppression","Quelle entrée doit survivre, et quels contenus doivent rester distincts dans la famille continu_adjectif ?"
"elever_elevation","C+D","195|216|222|318","ELEVATION|S_ELEVER_VERB|ELEVER|SE_LEVER_VERBE_PRONOMINAL","ELEVATION=[en:elevation/noun;es:elevación/noun;fr:élévation/noun;it:elevazione/noun;pt:elevação/noun] | S_ELEVER_VERB=[en:rise/verb;it:alzarsi/verb] | ELEVER=[es:elevar/verb;fr:élever/verb;it:elevare/verb;pt:elevar/verb] | SE_LEVER_VERBE_PRONOMINAL=[fr:se lever/verb;pt:erguer-se/verb]","ELEVATION:FR=action de monter, hausse;EN=elevation, rise | S_ELEVER_VERB:FR=monter à une certaine hauteur ou niveau;EN=to rise to a certain height or level | ELEVER:FR=monter, augmenter;EN=to raise, to increase | SE_LEVER_VERBE_PRONOMINAL:FR=S'élever, monter (ex : le niveau, la voix);EN=To rise or go up","ELEVATION:{""forms"":5,""inflected_forms"":0,""outgoing_relations"":0,""incoming_relations"":0,""ic_features"":0,""connector_helps"":0,""indirect_pattern_rules"":1} | S_ELEVER_VERB:{""forms"":2,""inflected_forms"":0,""outgoing_relations"":0,""incoming_relations"":0,""ic_features"":0,""connector_helps"":0,""indirect_pattern_rules"":0} | ELEVER:{""forms"":4,""inflected_forms"":0,""outgoing_relations"":0,""incoming_relations"":0,""ic_features"":0,""connector_helps"":0,""indirect_pattern_rules"":1} | SE_LEVER_VERBE_PRONOMINAL:{""forms"":2,""inflected_forms"":0,""outgoing_relations"":0,""incoming_relations"":0,""ic_features"":0,""connector_helps"":0,""indirect_pattern_rules"":1}","déplacement ou déduplication de contenu requis","arbitrage humain avant toute fusion ou suppression","Quelle entrée doit survivre, et quels contenus doivent rester distincts dans la famille elever_elevation ?"
"risquer","C","223|250|267","RISQUER|RISK|RISQUER_VERB","RISQUER=[es:arriesgar/verb;fr:risquer/verb;it:rischiare/verb;pt:arriscar/verb] | RISK=[en:risk/noun;es:riesgo/noun;fr:risque/noun;it:rischio/noun;pt:risco/noun] | RISQUER_VERB=[en:risk/verb]","RISQUER:FR=être en danger de;EN=to be in danger of | RISK:FR=Possibilité de dommage ou de danger;EN=Possibility of harm or danger | RISQUER_VERB:FR=Être en danger de subir un mal;EN=To be in danger of suffering harm","RISQUER:{""forms"":4,""inflected_forms"":0,""outgoing_relations"":0,""incoming_relations"":0,""ic_features"":0,""connector_helps"":0,""indirect_pattern_rules"":1} | RISK:{""forms"":5,""inflected_forms"":0,""outgoing_relations"":0,""incoming_relations"":0,""ic_features"":0,""connector_helps"":0,""indirect_pattern_rules"":1} | RISQUER_VERB:{""forms"":1,""inflected_forms"":0,""outgoing_relations"":0,""incoming_relations"":0,""ic_features"":0,""connector_helps"":0,""indirect_pattern_rules"":0}","déplacement ou déduplication de contenu requis","arbitrage humain avant toute fusion ou suppression","Quelle entrée doit survivre, et quels contenus doivent rester distincts dans la famille risquer ?"
"perdre","D","224|290","PERTE|PERDRE_VERB","PERTE=[es:pérdida/noun;fr:perte/noun;it:perdita/noun;pt:perda/noun] | PERDRE_VERB=[en:lose/verb;es:perder/verb;fr:perdre/verb;it:perdere/verb;pt:perder/verb]","PERTE:FR=action de perdre quelque chose;EN=act of losing something | PERDRE_VERB:FR=cesser d'avoir, égarer;EN=to cease to have, to lose","PERTE:{""forms"":4,""inflected_forms"":0,""outgoing_relations"":0,""incoming_relations"":0,""ic_features"":0,""connector_helps"":0,""indirect_pattern_rules"":1} | PERDRE_VERB:{""forms"":5,""inflected_forms"":0,""outgoing_relations"":0,""incoming_relations"":0,""ic_features"":0,""connector_helps"":0,""indirect_pattern_rules"":1}","proximité lexicale mais distinction sémantique/POS probable","maintenir distinct en attente d'une règle de nommage","Quelle entrée doit survivre, et quels contenus doivent rester distincts dans la famille perdre ?"
"habitat","C+D","226|325","HABITATION|HABITAT","HABITATION=[es:habitación/noun;fr:habitation/noun;it:abitazione/noun;pt:habitação/noun] | HABITAT=[en:habitat/noun;es:hábitat/noun;fr:habitat/noun;it:habitat/noun;pt:habitat/noun]","HABITATION:FR=lieu où l'on habite;EN=place where one lives | HABITAT:FR=Lieu où vit un organisme vivant;EN=Place where a living organism lives","HABITATION:{""forms"":4,""inflected_forms"":0,""outgoing_relations"":0,""incoming_relations"":0,""ic_features"":0,""connector_helps"":0,""indirect_pattern_rules"":1} | HABITAT:{""forms"":5,""inflected_forms"":0,""outgoing_relations"":0,""incoming_relations"":0,""ic_features"":0,""connector_helps"":0,""indirect_pattern_rules"":1}","déplacement ou déduplication de contenu requis","arbitrage humain avant toute fusion ou suppression","Quelle entrée doit survivre, et quels contenus doivent rester distincts dans la famille habitat ?"
"provoquer","F","232","PROVOQUER","PROVOQUER=[es:provocar/verb;fr:provoquer/verb;it:provocare/verb;pt:provocar/verb]","PROVOQUER:FR=causer ou déclencher;EN=to cause or trigger","PROVOQUER:{""forms"":4,""inflected_forms"":0,""outgoing_relations"":0,""incoming_relations"":0,""ic_features"":0,""connector_helps"":0,""indirect_pattern_rules"":1}","preuve insuffisante ou survivant ambigu","arbitrage humain avant toute fusion ou suppression","Quelle entrée doit survivre, et quels contenus doivent rester distincts dans la famille provoquer ?"
"subir","C","233|270","SUBIR|SUBIR_VERB","SUBIR=[fr:subir/verb;it:subire/verb] | SUBIR_VERB=[en:undergo/verb]","SUBIR:FR=endurer, supporter un effet ou une action;EN=to endure or undergo an effect or action | SUBIR_VERB:FR=Endurer quelque chose de négatif;EN=To endure something negative","SUBIR:{""forms"":2,""inflected_forms"":0,""outgoing_relations"":0,""incoming_relations"":0,""ic_features"":0,""connector_helps"":0,""indirect_pattern_rules"":1} | SUBIR_VERB:{""forms"":1,""inflected_forms"":0,""outgoing_relations"":0,""incoming_relations"":0,""ic_features"":0,""connector_helps"":0,""indirect_pattern_rules"":0}","déplacement ou déduplication de contenu requis","arbitrage humain avant toute fusion ou suppression","Quelle entrée doit survivre, et quels contenus doivent rester distincts dans la famille subir ?"
"cause","D","275","CAUSE_NOUN","CAUSE_NOUN=[en:cause/noun;es:causa/noun;fr:cause/noun;it:causa/noun;pt:causa/noun]","CAUSE_NOUN:FR=Raison ou motif d'un événement;EN=Reason or motive of an event","CAUSE_NOUN:{""forms"":5,""inflected_forms"":0,""outgoing_relations"":0,""incoming_relations"":0,""ic_features"":0,""connector_helps"":0,""indirect_pattern_rules"":1}","proximité lexicale mais distinction sémantique/POS probable","maintenir distinct en attente d'une règle de nommage","Quelle entrée doit survivre, et quels contenus doivent rester distincts dans la famille cause ?"
"ruiner","C+F","256|277|284|308|322","RUIN|RUINER_VERB|RUIINER_VERB|RUINER|RUI_NER","RUIN=[en:ruin/verb;es:arruinar/verb;fr:ruiner/verb;it:rovinare/verb;pt:arruinar/verb] | RUINER_VERB=[] | RUIINER_VERB=[] | RUINER=[en:to ruin/verb] | RUI_NER=[]","RUIN:FR=Détruire partiellement ou totalement une chose;EN=To destroy partially or totally something | RUINER_VERB:FR=Détruire ou causer un grand dommage;EN=To destroy or cause great damage | RUIINER_VERB:FR=détruire ou abîmer gravement;EN=to destroy or severely damage | RUINER:FR=détruire, rendre inutilisable;EN=to destroy, to make unusable | RUI_NER:FR=Détruire, causer un dommage important;EN=To destroy or cause major damage","RUIN:{""forms"":5,""inflected_forms"":0,""outgoing_relations"":0,""incoming_relations"":0,""ic_features"":0,""connector_helps"":0,""indirect_pattern_rules"":1} | RUINER_VERB:{""forms"":0,""inflected_forms"":0,""outgoing_relations"":0,""incoming_relations"":0,""ic_features"":0,""connector_helps"":0,""indirect_pattern_rules"":0} | RUIINER_VERB:{""forms"":0,""inflected_forms"":0,""outgoing_relations"":0,""incoming_relations"":0,""ic_features"":0,""connector_helps"":0,""indirect_pattern_rules"":0} | RUINER:{""forms"":1,""inflected_forms"":0,""outgoing_relations"":0,""incoming_relations"":0,""ic_features"":0,""connector_helps"":0,""indirect_pattern_rules"":0} | RUI_NER:{""forms"":0,""inflected_forms"":0,""outgoing_relations"":0,""incoming_relations"":0,""ic_features"":0,""connector_helps"":0,""indirect_pattern_rules"":0}","déplacement ou déduplication de contenu requis","arbitrage humain avant toute fusion ou suppression","Quelle entrée doit survivre, et quels contenus doivent rester distincts dans la famille ruiner ?"
"absence","F","271","ABSENCE_NOUN","ABSENCE_NOUN=[en:absence/noun;es:ausencia/noun;fr:absence/noun;it:assenza/noun;pt:ausência/noun]","ABSENCE_NOUN:FR=Manque ou absence de quelque chose;EN=Lack or absence of something","ABSENCE_NOUN:{""forms"":5,""inflected_forms"":0,""outgoing_relations"":0,""incoming_relations"":0,""ic_features"":0,""connector_helps"":0,""indirect_pattern_rules"":1}","preuve insuffisante ou survivant ambigu","arbitrage humain avant toute fusion ou suppression","Quelle entrée doit survivre, et quels contenus doivent rester distincts dans la famille absence ?"
"eau","F","272","EAU_NOUN","EAU_NOUN=[en:water/noun;es:agua/noun;fr:eau/noun;it:acqua/noun;pt:água/noun]","EAU_NOUN:FR=Substance liquide essentielle à la vie;EN=Liquid substance essential for life","EAU_NOUN:{""forms"":5,""inflected_forms"":0,""outgoing_relations"":0,""incoming_relations"":0,""ic_features"":0,""connector_helps"":0,""indirect_pattern_rules"":1}","preuve insuffisante ou survivant ambigu","arbitrage humain avant toute fusion ou suppression","Quelle entrée doit survivre, et quels contenus doivent rester distincts dans la famille eau ?"
"devenir","D","276|307","DEVENIR_VERB|DEVENIR","DEVENIR_VERB=[en:become/verb;es:convertirse/verb;fr:devenir/verb;it:diventare/verb;pt:tornar-se/verb] | DEVENIR=[en:to become/verb]","DEVENIR_VERB:FR=Se transformer en quelque chose d'autre;EN=To become or change into something else | DEVENIR:FR=changer d'état ou d'état d'être;EN=to change state or condition","DEVENIR_VERB:{""forms"":5,""inflected_forms"":0,""outgoing_relations"":0,""incoming_relations"":0,""ic_features"":0,""connector_helps"":0,""indirect_pattern_rules"":1} | DEVENIR:{""forms"":1,""inflected_forms"":0,""outgoing_relations"":0,""incoming_relations"":0,""ic_features"":0,""connector_helps"":0,""indirect_pattern_rules"":0}","proximité lexicale mais distinction sémantique/POS probable","maintenir distinct en attente d'une règle de nommage","Quelle entrée doit survivre, et quels contenus doivent rester distincts dans la famille devenir ?"
"humain_adjectif","D","280","HUMAIN_ADJECTIVE","HUMAIN_ADJECTIVE=[en:human/adjective;es:humano/adjective;fr:humain/adjective;it:umano/adjective;pt:humano/adjective]","HUMAIN_ADJECTIVE:FR=Relatif à l'être humain;EN=Relating to human beings","HUMAIN_ADJECTIVE:{""forms"":5,""inflected_forms"":0,""outgoing_relations"":0,""incoming_relations"":0,""ic_features"":0,""connector_helps"":0,""indirect_pattern_rules"":1}","proximité lexicale mais distinction sémantique/POS probable","maintenir distinct en attente d'une règle de nommage","Quelle entrée doit survivre, et quels contenus doivent rester distincts dans la famille humain_adjectif ?"
"signal_de_article","F","300","DE_ARTICLE","DE_ARTICLE=[]","DE_ARTICLE:FR=préposition indiquant la possession ou la matière;EN=preposition indicating possession or material","DE_ARTICLE:{""forms"":0,""inflected_forms"":0,""outgoing_relations"":0,""incoming_relations"":0,""ic_features"":0,""connector_helps"":0,""indirect_pattern_rules"":0}","preuve insuffisante ou survivant ambigu","arbitrage humain avant toute fusion ou suppression","Quelle entrée doit survivre, et quels contenus doivent rester distincts dans la famille signal_de_article ?"
"autre","D","302|320","AUTRE|AUTRE_DETERMINANT","AUTRE=[en:other/adjective;es:otro/adjective;fr:autre/adjective;it:altro/adjective;pt:outro/adjective] | AUTRE_DETERMINANT=[]","AUTRE:FR=quelque chose ou quelqu’un de différent;EN=something or someone different | AUTRE_DETERMINANT:FR=Indique une chose différente ou supplémentaire;EN=Indicates a different or additional thing","AUTRE:{""forms"":5,""inflected_forms"":0,""outgoing_relations"":0,""incoming_relations"":0,""ic_features"":0,""connector_helps"":0,""indirect_pattern_rules"":1} | AUTRE_DETERMINANT:{""forms"":0,""inflected_forms"":0,""outgoing_relations"":0,""incoming_relations"":0,""ic_features"":0,""connector_helps"":0,""indirect_pattern_rules"":0}","proximité lexicale mais distinction sémantique/POS probable","maintenir distinct en attente d'une règle de nommage","Quelle entrée doit survivre, et quels contenus doivent rester distincts dans la famille autre ?"
