"category","family","ids","keys","forms","dependencies","functional_references","risk","question_to_david"
"E","universite_historique","5|50|95","UNIVERSITY_INSTITUTION|UNIVERSITY|UNIVERSIDAD_NOUN_UNIVERSITY","UNIVERSITY_INSTITUTION=[en:university/noun;es:universidad/noun;fr:université/noun;it:università/noun;pt:universidade/noun] | UNIVERSITY=[] | UNIVERSIDAD_NOUN_UNIVERSITY=[]","UNIVERSITY_INSTITUTION:{""forms"":5,""inflected_forms"":1,""outgoing_relations"":4,""incoming_relations"":4,""connector_helps"":0,""ic_features"":0,""indirect_pattern_rules"":1} | UNIVERSITY:{""forms"":0,""inflected_forms"":0,""outgoing_relations"":0,""incoming_relations"":0,""connector_helps"":0,""ic_features"":0,""indirect_pattern_rules"":0} | UNIVERSIDAD_NOUN_UNIVERSITY:{""forms"":0,""inflected_forms"":0,""outgoing_relations"":0,""incoming_relations"":0,""connector_helps"":0,""ic_features"":0,""indirect_pattern_rules"":0}","prototypes/08-dico-seven-sieves/database/current_draft/30_seed_experimental.sql|prototypes/08-dico-seven-sieves/database/data_test.sql|prototypes/08-dico-seven-sieves/database/schema.sql|prototypes/08-dico-seven-sieves/database/seed_data.sql|prototypes/08-dico-seven-sieves/database/current_draft/30_seed_experimental.sql|prototypes/08-dico-seven-sieves/database/seed_data.sql","deux entrées vides et une entrée riche, mais seeds et contrats historiques nomment les clés anglaises","Faut-il préserver les clés historiques via alias, ou autoriser une migration coordonnée vers UNIVERSITE ?"
"E","observer","52|98|181|213|294","OBSERVE|OBSERVAR_VERB_TO_OBSERVE|OBSERVER|OBSERVER_VERB|OBSERVEZ","OBSERVE=[en:observe/verb;es:observar/verb;fr:observer/verb;it:osservare/verb;pt:observar/verb] | OBSERVAR_VERB_TO_OBSERVE=[] | OBSERVER=[en:to observe/verb] | OBSERVER_VERB=[] | OBSERVEZ=[]","OBSERVE:{""forms"":5,""inflected_forms"":0,""outgoing_relations"":0,""incoming_relations"":0,""connector_helps"":0,""ic_features"":0,""indirect_pattern_rules"":1} | OBSERVAR_VERB_TO_OBSERVE:{""forms"":0,""inflected_forms"":0,""outgoing_relations"":0,""incoming_relations"":0,""connector_helps"":0,""ic_features"":0,""indirect_pattern_rules"":0} | OBSERVER:{""forms"":1,""inflected_forms"":0,""outgoing_relations"":0,""incoming_relations"":0,""connector_helps"":0,""ic_features"":0,""indirect_pattern_rules"":0} | OBSERVER_VERB:{""forms"":0,""inflected_forms"":0,""outgoing_relations"":0,""incoming_relations"":0,""connector_helps"":0,""ic_features"":0,""indirect_pattern_rules"":0} | OBSERVEZ:{""forms"":0,""inflected_forms"":0,""outgoing_relations"":0,""incoming_relations"":0,""connector_helps"":0,""ic_features"":0,""indirect_pattern_rules"":0}","","deux entrées contiennent du contenu et trois variantes sont vides ; la clé riche OBSERVE est historique","Quel ID doit porter OBSERVER et comment dédupliquer les formes sans casser les seeds historiques ?"
"E","imaginer","56|106","IMAGINE|IMAGINAR_VERB_TO_IMAGINE","IMAGINE=[en:imagine/verb;es:imaginar/verb;fr:imaginer/verb;it:immaginare/verb;pt:imaginar/verb] | IMAGINAR_VERB_TO_IMAGINE=[es:imaginaban/verb]","IMAGINE:{""forms"":5,""inflected_forms"":0,""outgoing_relations"":0,""incoming_relations"":0,""connector_helps"":0,""ic_features"":0,""indirect_pattern_rules"":1} | IMAGINAR_VERB_TO_IMAGINE:{""forms"":1,""inflected_forms"":0,""outgoing_relations"":0,""incoming_relations"":0,""connector_helps"":0,""ic_features"":0,""indirect_pattern_rules"":1}","","deux entrées renseignées partagent le même concept probable","Confirmer la fusion et l'ID survivant avant déplacement de la forme espagnole."
"E","circuler","57|107","CIRCULATE|CIRCULAR_VERB_TO_CIRCULATE","CIRCULATE=[en:circulate/verb;es:circular/verb;fr:circuler/verb;it:circolare/verb;pt:circular/verb] | CIRCULAR_VERB_TO_CIRCULATE=[es:circula/verb]","CIRCULATE:{""forms"":5,""inflected_forms"":0,""outgoing_relations"":0,""incoming_relations"":0,""connector_helps"":0,""ic_features"":0,""indirect_pattern_rules"":1} | CIRCULAR_VERB_TO_CIRCULATE:{""forms"":1,""inflected_forms"":0,""outgoing_relations"":0,""incoming_relations"":0,""connector_helps"":0,""ic_features"":0,""indirect_pattern_rules"":1}","","deux entrées renseignées, gloses proches mais extension possible de « se répandre »","Les deux gloses relèvent-elles d'un seul concept CIRCULER ?"
"E","exister","59|109","EXIST|EXISTIR_VERB_TO_EXIST","EXIST=[en:exist/verb;es:existir/verb;fr:exister/verb;it:esistere/verb;pt:existir/verb] | EXISTIR_VERB_TO_EXIST=[es:existe/verb]","EXIST:{""forms"":5,""inflected_forms"":0,""outgoing_relations"":0,""incoming_relations"":0,""connector_helps"":0,""ic_features"":0,""indirect_pattern_rules"":1} | EXISTIR_VERB_TO_EXIST:{""forms"":1,""inflected_forms"":0,""outgoing_relations"":0,""incoming_relations"":0,""connector_helps"":0,""ic_features"":0,""indirect_pattern_rules"":1}","","deux entrées renseignées du même verbe probable","Confirmer une fusion vers EXISTER et l'ID à conserver."
"E","permettre","85|122","ALLOW|PERMITIR_VERB_TO_ALLOW","ALLOW=[en:allow/verb;es:permitir/verb;fr:permettre/verb;it:permettere/verb;pt:permitir/verb] | PERMITIR_VERB_TO_ALLOW=[es:permite/verb]","ALLOW:{""forms"":5,""inflected_forms"":0,""outgoing_relations"":0,""incoming_relations"":0,""connector_helps"":0,""ic_features"":0,""indirect_pattern_rules"":1} | PERMITIR_VERB_TO_ALLOW:{""forms"":1,""inflected_forms"":0,""outgoing_relations"":0,""incoming_relations"":0,""connector_helps"":0,""ic_features"":0,""indirect_pattern_rules"":1}","","deux entrées renseignées couvrent permission et possibilité","PERMETTRE doit-il regrouper les deux nuances ou conserver deux concepts qualifiés ?"
"E","article_indefini","110|298","UNO_DETERMINER_INDEFINITE_ONE_A|UNE_ARTICLE","UNO_DETERMINER_INDEFINITE_ONE_A=[en:a/adjective;es:una/adjective;fr:un/adjective;it:una/adjective;pt:uma/adjective] | UNE_ARTICLE=[en:a/adverb;es:una/adverb;fr:une/adverb;it:una/adverb;pt:uma/adverb]","UNO_DETERMINER_INDEFINITE_ONE_A:{""forms"":5,""inflected_forms"":0,""outgoing_relations"":0,""incoming_relations"":0,""connector_helps"":0,""ic_features"":0,""indirect_pattern_rules"":1} | UNE_ARTICLE:{""forms"":5,""inflected_forms"":0,""outgoing_relations"":0,""incoming_relations"":0,""connector_helps"":0,""ic_features"":0,""indirect_pattern_rules"":1}","","genre, lemme et POS divergent et certaines formes paraissent erronées","Faut-il un concept commun d'article indéfini ou des entrées distinctes par genre ?"
"E","demonstratif","112|303","ESTE_DEMONSTRATIVE_THIS|CET","ESTE_DEMONSTRATIVE_THIS=[en:this/adjective;es:esta/adjective;fr:ce/cette/adjective;it:questo/adjective;pt:este/adjective] | CET=[en:this/adverb;es:este/adverb;fr:ce/adverb;it:questo/adverb;pt:este/adverb]","ESTE_DEMONSTRATIVE_THIS:{""forms"":5,""inflected_forms"":0,""outgoing_relations"":0,""incoming_relations"":0,""connector_helps"":0,""ic_features"":0,""indirect_pattern_rules"":1} | CET:{""forms"":5,""inflected_forms"":0,""outgoing_relations"":0,""incoming_relations"":0,""connector_helps"":0,""ic_features"":0,""indirect_pattern_rules"":1}","","ce/cette et cet sont rapprochés avec des POS incohérentes","Le modèle doit-il représenter le déterminant abstrait ou ses variantes morphologiques ?"
"E","article_defini","113|297|311","EL_DEFINITE_ARTICLE_MASCULINE|LE_ARTICLE|PRONOM_DEFINI_MAS_SING","EL_DEFINITE_ARTICLE_MASCULINE=[es:el/adjective;fr:le/adjective;it:il/adjective] | LE_ARTICLE=[en:the/adverb;es:el/adverb;fr:le/adverb;it:il/adverb;pt:o/adverb] | PRONOM_DEFINI_MAS_SING=[en:of the/adverb;es:del/adverb;fr:du/adverb;it:del/adverb;pt:do/adverb]","EL_DEFINITE_ARTICLE_MASCULINE:{""forms"":3,""inflected_forms"":0,""outgoing_relations"":0,""incoming_relations"":0,""connector_helps"":0,""ic_features"":0,""indirect_pattern_rules"":1} | LE_ARTICLE:{""forms"":5,""inflected_forms"":0,""outgoing_relations"":0,""incoming_relations"":0,""connector_helps"":0,""ic_features"":0,""indirect_pattern_rules"":1} | PRONOM_DEFINI_MAS_SING:{""forms"":5,""inflected_forms"":0,""outgoing_relations"":0,""incoming_relations"":0,""connector_helps"":0,""ic_features"":0,""indirect_pattern_rules"":1}","","LE et DU ont été rapprochés sous une glose identique malgré des structures grammaticales différentes","Séparer article défini et forme contractée, puis choisir les clés françaises finales."
"E","etre","115|132|321|329","SER_VERB_TO_BE|SER|ETRE_VERBE|ETRE","SER_VERB_TO_BE=[en:be/verb;es:es/verb;fr:être/verb;it:essere/verb;pt:ser/verb] | SER=[es:ser/verb] | ETRE_VERBE=[en:to be/verb] | ETRE=[]","SER_VERB_TO_BE:{""forms"":5,""inflected_forms"":0,""outgoing_relations"":0,""incoming_relations"":0,""connector_helps"":0,""ic_features"":0,""indirect_pattern_rules"":1} | SER:{""forms"":1,""inflected_forms"":0,""outgoing_relations"":0,""incoming_relations"":0,""connector_helps"":0,""ic_features"":0,""indirect_pattern_rules"":1} | ETRE_VERBE:{""forms"":1,""inflected_forms"":0,""outgoing_relations"":0,""incoming_relations"":0,""connector_helps"":0,""ic_features"":0,""indirect_pattern_rules"":0} | ETRE:{""forms"":0,""inflected_forms"":0,""outgoing_relations"":0,""incoming_relations"":0,""connector_helps"":0,""ic_features"":0,""indirect_pattern_rules"":0}","","trois entrées contiennent du contenu et ETRE est occupée par une entrée vide","Quel ID doit porter ETRE et quelles formes doivent être fusionnées ou corrigées ?"
"E","consequence_discursive","136|152|192","POR_TANTO|DONC|PAR_CONSEQUENT","POR_TANTO=[en:therefore/adverb;es:por tanto/adverb;fr:par conséquent/adverb;it:pertanto/adverb;pt:portanto/adverb] | DONC=[fr:donc/adverb;it:quindi/adverb] | PAR_CONSEQUENT=[es:por consiguiente/adverb]","POR_TANTO:{""forms"":5,""inflected_forms"":0,""outgoing_relations"":0,""incoming_relations"":0,""connector_helps"":0,""ic_features"":0,""indirect_pattern_rules"":1} | DONC:{""forms"":2,""inflected_forms"":0,""outgoing_relations"":0,""incoming_relations"":0,""connector_helps"":0,""ic_features"":0,""indirect_pattern_rules"":1} | PAR_CONSEQUENT:{""forms"":1,""inflected_forms"":0,""outgoing_relations"":0,""incoming_relations"":0,""connector_helps"":0,""ic_features"":0,""indirect_pattern_rules"":1}","","marqueurs proches mais non strictement interchangeables","DONC et PAR_CONSEQUENT doivent-ils rester deux concepts, et où rattacher POR_TANTO ?"
"E","souffrir_contenu","162|204","SOUFFRIR|SOUFFRIR_VERB","SOUFFRIR=[en:to suffer/verb;es:sufrir/verb;fr:souffrir/verb;it:soffrire/verb;pt:sofrer/verb] | SOUFFRIR_VERB=[en:suffer/verb]","SOUFFRIR:{""forms"":5,""inflected_forms"":0,""outgoing_relations"":0,""incoming_relations"":0,""connector_helps"":0,""ic_features"":0,""indirect_pattern_rules"":1} | SOUFFRIR_VERB:{""forms"":1,""inflected_forms"":0,""outgoing_relations"":0,""incoming_relations"":0,""connector_helps"":0,""ic_features"":0,""indirect_pattern_rules"":0}","","la seconde entrée contient une forme anglaise à dédupliquer","Autoriser la fusion de SOUFFRIR_VERB vers SOUFFRIR après contrôle de la forme anglaise."
"E","augmenter_contenu","170|207","AUGMENTER|AUGMENTER_VERB","AUGMENTER=[en:to increase/verb;es:aumentar/verb;fr:augmenter/verb;it:aumentare/verb;pt:aumentar/verb] | AUGMENTER_VERB=[en:increase/verb]","AUGMENTER:{""forms"":5,""inflected_forms"":0,""outgoing_relations"":0,""incoming_relations"":0,""connector_helps"":0,""ic_features"":0,""indirect_pattern_rules"":1} | AUGMENTER_VERB:{""forms"":1,""inflected_forms"":0,""outgoing_relations"":0,""incoming_relations"":0,""connector_helps"":0,""ic_features"":0,""indirect_pattern_rules"":0}","","la seconde entrée contient une forme anglaise à dédupliquer ; AUGMENTATION reste distinct","Autoriser la fusion de AUGMENTER_VERB vers AUGMENTER."
"E","produire_contenu","175|210","PRODUIRE|PRODUIRE_VERB","PRODUIRE=[en:to produce/verb;es:producir/verb;fr:produire/verb;it:produrre/verb;pt:produzir/verb] | PRODUIRE_VERB=[en:produce/verb]","PRODUIRE:{""forms"":5,""inflected_forms"":0,""outgoing_relations"":0,""incoming_relations"":0,""connector_helps"":0,""ic_features"":0,""indirect_pattern_rules"":1} | PRODUIRE_VERB:{""forms"":1,""inflected_forms"":0,""outgoing_relations"":0,""incoming_relations"":0,""connector_helps"":0,""ic_features"":0,""indirect_pattern_rules"":0}","","la seconde entrée contient une forme anglaise à dédupliquer","Autoriser la fusion de PRODUIRE_VERB vers PRODUIRE."
"E","production_nourriciere","257|278","AGRICULTURAL_PRODUCTION|PRODUCTION_NOURRICIERE_NOUN","AGRICULTURAL_PRODUCTION=[en:agricultural production/noun;es:producción agrícola/noun;fr:production agricole/noun;it:produzione agricola/noun;pt:produção agrícola/noun] | PRODUCTION_NOURRICIERE_NOUN=[]","AGRICULTURAL_PRODUCTION:{""forms"":5,""inflected_forms"":0,""outgoing_relations"":0,""incoming_relations"":0,""connector_helps"":0,""ic_features"":0,""indirect_pattern_rules"":1} | PRODUCTION_NOURRICIERE_NOUN:{""forms"":0,""inflected_forms"":0,""outgoing_relations"":0,""incoming_relations"":0,""connector_helps"":0,""ic_features"":0,""indirect_pattern_rules"":0}","","production agricole et production nourricière se recouvrent sans être nécessairement identiques","PRODUCTION_NOURRICIERE doit-elle rester un concept distinct de PRODUCTION_AGRICOLE ?"
"E","alimentation","258|279|323|330","FOOD_SUPPLY|ALIMENTATION_NOUN|ALIMENTATION_HUMAINE|ALIMENTATION","FOOD_SUPPLY=[en:food supply/noun;es:alimentación/noun;fr:alimentation/noun;it:alimentazione/noun;pt:alimentação/noun] | ALIMENTATION_NOUN=[en:food/noun] | ALIMENTATION_HUMAINE=[en:human food/noun;es:alimentación humana/noun;fr:alimentation humaine/noun;it:alimentazione umana/noun;pt:alimentação humana/noun] | ALIMENTATION=[en:feeding/noun]","FOOD_SUPPLY:{""forms"":5,""inflected_forms"":0,""outgoing_relations"":0,""incoming_relations"":0,""connector_helps"":0,""ic_features"":0,""indirect_pattern_rules"":1} | ALIMENTATION_NOUN:{""forms"":1,""inflected_forms"":0,""outgoing_relations"":0,""incoming_relations"":0,""connector_helps"":0,""ic_features"":0,""indirect_pattern_rules"":0} | ALIMENTATION_HUMAINE:{""forms"":5,""inflected_forms"":0,""outgoing_relations"":0,""incoming_relations"":0,""connector_helps"":0,""ic_features"":0,""indirect_pattern_rules"":1} | ALIMENTATION:{""forms"":1,""inflected_forms"":0,""outgoing_relations"":0,""incoming_relations"":0,""connector_helps"":0,""ic_features"":0,""indirect_pattern_rules"":0}","","disponibilité alimentaire, alimentation, nourriture et alimentation humaine ont des granularités différentes","Définir les frontières entre disponibilité, action de se nourrir et nourriture destinée aux humains."
"E","accelerer_contenu","183|282","ACCELERER|ACCELERER_VERB","ACCELERER=[en:to accelerate/verb;es:acelerar/verb;fr:accélérer/verb;it:accelerare/verb;pt:acelerar/verb] | ACCELERER_VERB=[en:accelerate/verb]","ACCELERER:{""forms"":5,""inflected_forms"":0,""outgoing_relations"":0,""incoming_relations"":0,""connector_helps"":0,""ic_features"":0,""indirect_pattern_rules"":1} | ACCELERER_VERB:{""forms"":1,""inflected_forms"":0,""outgoing_relations"":0,""incoming_relations"":0,""connector_helps"":0,""ic_features"":0,""indirect_pattern_rules"":0}","","deux entrées verbales renseignées, l'une limitée à une forme anglaise","Autoriser la fusion de ACCELERER_VERB vers ACCELERER."
"E","total_contenu","225|268","TOTAL|TOTAL_ADJECTIVE","TOTAL=[es:total/adjective;fr:total/adjective;it:totale/adjective;pt:total/adjective] | TOTAL_ADJECTIVE=[en:total/adjective]","TOTAL:{""forms"":4,""inflected_forms"":0,""outgoing_relations"":0,""incoming_relations"":0,""connector_helps"":0,""ic_features"":0,""indirect_pattern_rules"":1} | TOTAL_ADJECTIVE:{""forms"":1,""inflected_forms"":0,""outgoing_relations"":0,""incoming_relations"":0,""connector_helps"":0,""ic_features"":0,""indirect_pattern_rules"":0}","","deux entrées adjectivales renseignées avec gloses quasi identiques","Autoriser la fusion de TOTAL_ADJECTIVE vers TOTAL."
"E","s_elever_contenu","194|216","S_ELEVER|S_ELEVER_VERB","S_ELEVER=[en:to rise/verb;es:elevarse/verb;fr:s'élever/verb;it:innalzarsi/verb;pt:elevar-se/verb] | S_ELEVER_VERB=[en:rise/verb;it:alzarsi/verb]","S_ELEVER:{""forms"":5,""inflected_forms"":0,""outgoing_relations"":0,""incoming_relations"":0,""connector_helps"":0,""ic_features"":0,""indirect_pattern_rules"":1} | S_ELEVER_VERB:{""forms"":2,""inflected_forms"":0,""outgoing_relations"":0,""incoming_relations"":0,""connector_helps"":0,""ic_features"":0,""indirect_pattern_rules"":0}","","deux entrées pronominales renseignées ; ELEVER, ELEVATION et SE_LEVER restent distincts","Autoriser la fusion de S_ELEVER_VERB vers S_ELEVER après déduplication des formes."
"E","risquer_contenu","223|267","RISQUER|RISQUER_VERB","RISQUER=[es:arriesgar/verb;fr:risquer/verb;it:rischiare/verb;pt:arriscar/verb] | RISQUER_VERB=[en:risk/verb]","RISQUER:{""forms"":4,""inflected_forms"":0,""outgoing_relations"":0,""incoming_relations"":0,""connector_helps"":0,""ic_features"":0,""indirect_pattern_rules"":1} | RISQUER_VERB:{""forms"":1,""inflected_forms"":0,""outgoing_relations"":0,""incoming_relations"":0,""connector_helps"":0,""ic_features"":0,""indirect_pattern_rules"":0}","","deux entrées verbales renseignées ; le nom RISQUE est distinct et seulement renommé","Autoriser la fusion de RISQUER_VERB vers RISQUER."
"E","subir","233|270","SUBIR|SUBIR_VERB","SUBIR=[fr:subir/verb;it:subire/verb] | SUBIR_VERB=[en:undergo/verb]","SUBIR:{""forms"":2,""inflected_forms"":0,""outgoing_relations"":0,""incoming_relations"":0,""connector_helps"":0,""ic_features"":0,""indirect_pattern_rules"":1} | SUBIR_VERB:{""forms"":1,""inflected_forms"":0,""outgoing_relations"":0,""incoming_relations"":0,""connector_helps"":0,""ic_features"":0,""indirect_pattern_rules"":0}","","deux entrées renseignées avec couverture linguistique complémentaire","Autoriser la fusion vers SUBIR après contrôle des formes."
"E","ruiner_contenu","256|308","RUIN|RUINER","RUIN=[en:ruin/verb;es:arruinar/verb;fr:ruiner/verb;it:rovinare/verb;pt:arruinar/verb] | RUINER=[en:to ruin/verb]","RUIN:{""forms"":5,""inflected_forms"":0,""outgoing_relations"":0,""incoming_relations"":0,""connector_helps"":0,""ic_features"":0,""indirect_pattern_rules"":1} | RUINER:{""forms"":1,""inflected_forms"":0,""outgoing_relations"":0,""incoming_relations"":0,""connector_helps"":0,""ic_features"":0,""indirect_pattern_rules"":0}","","RUIN est riche mais non français ; RUINER porte la bonne clé mais une seule forme","Quel ID doit porter RUINER et comment fusionner les six formes sans perte ?"
"E","devenir","276|307","DEVENIR_VERB|DEVENIR","DEVENIR_VERB=[en:become/verb;es:convertirse/verb;fr:devenir/verb;it:diventare/verb;pt:tornar-se/verb] | DEVENIR=[en:to become/verb]","DEVENIR_VERB:{""forms"":5,""inflected_forms"":0,""outgoing_relations"":0,""incoming_relations"":0,""connector_helps"":0,""ic_features"":0,""indirect_pattern_rules"":1} | DEVENIR:{""forms"":1,""inflected_forms"":0,""outgoing_relations"":0,""incoming_relations"":0,""connector_helps"":0,""ic_features"":0,""indirect_pattern_rules"":0}","","DEVENIR est occupée par l'entrée la moins riche","Quel ID doit porter DEVENIR après fusion des contenus ?"
"E","autre_determinant","302|320","AUTRE|AUTRE_DETERMINANT","AUTRE=[en:other/adjective;es:otro/adjective;fr:autre/adjective;it:altro/adjective;pt:outro/adjective] | AUTRE_DETERMINANT=[]","AUTRE:{""forms"":5,""inflected_forms"":0,""outgoing_relations"":0,""incoming_relations"":0,""connector_helps"":0,""ic_features"":0,""indirect_pattern_rules"":1} | AUTRE_DETERMINANT:{""forms"":0,""inflected_forms"":0,""outgoing_relations"":0,""incoming_relations"":0,""connector_helps"":0,""ic_features"":0,""indirect_pattern_rules"":0}","","l'entrée déterminant est vide mais peut représenter une distinction grammaticale réelle","AUTRE_DETERMINANT doit-il être supprimé ou conservé comme concept grammatical distinct ?"
"E","de_preposition","300","DE_ARTICLE","DE_ARTICLE=[]","DE_ARTICLE:{""forms"":0,""inflected_forms"":0,""outgoing_relations"":0,""incoming_relations"":0,""connector_helps"":0,""ic_features"":0,""indirect_pattern_rules"":0}","","clé annoncée comme article, glose de préposition, aucune forme","Supprimer l'entrée vide ou la reconstruire ultérieurement comme DE_PREPOSITION ?"
